relationshipID,parentID,parentTypeID,parentLevel,childID,grade
1,,3300,5,50,4
2,,3300,3,50,1
3,,3300,5,50,5
4,,3300,4,50,3
5,,3300,4,50,2
6,,3303,5,50,4
7,,3303,1,50,1
8,,3303,5,50,5
9,,3303,4,50,3
10,,3303,3,50,2
11,,3310,4,50,4
12,,3310,1,50,1
13,,3310,5,50,5
14,,3310,4,50,3
15,,3310,3,50,2
16,,3311,4,50,4
17,,3311,1,50,1
18,,3311,5,50,5
19,,3311,4,50,3
20,,3311,3,50,2
21,,3312,4,50,4
22,,3312,1,50,1
23,,3312,5,50,5
24,,3312,4,50,3
25,,3312,3,50,2
26,,3315,4,50,4
27,,3315,0,50,1
28,,3315,5,50,5
29,,3315,4,50,3
30,,3315,3,50,2
31,,3316,4,50,4
32,,3316,1,50,1
33,,3316,5,50,5
34,,3316,4,50,3
35,,3316,3,50,2
36,,3317,4,50,4
37,,3317,0,50,1
38,,3317,5,50,5
39,,3317,4,50,3
40,,3317,3,50,2
41,,11083,1,50,4
42,,11083,0,50,1
43,,11083,5,50,5
44,,11083,0,50,3
45,,11083,0,50,2
46,,12213,1,50,4
47,,12213,0,50,1
48,,12213,5,50,5
49,,12213,0,50,3
50,,12213,0,50,2
51,,3300,5,64,4
52,,3300,3,64,1
53,,3300,5,64,5
54,,3300,5,64,3
55,,3300,4,64,2
56,,3303,3,64,4
57,,3303,3,64,1
58,,3303,3,64,5
59,,3303,3,64,3
60,,3303,3,64,2
61,,3306,5,64,4
62,,3306,1,64,1
63,,3306,5,64,5
64,,3306,4,64,3
65,,3306,3,64,2
66,,3310,4,64,4
67,,3310,1,64,1
68,,3310,5,64,5
69,,3310,4,64,3
70,,3310,3,64,2
71,,3311,4,64,4
72,,3311,1,64,1
73,,3311,5,64,5
74,,3311,4,64,3
75,,3311,3,64,2
76,,3312,4,64,4
77,,3312,1,64,1
78,,3312,5,64,5
79,,3312,4,64,3
80,,3312,3,64,2
81,,3315,4,64,4
82,,3315,0,64,1
83,,3315,5,64,5
84,,3315,4,64,3
85,,3315,3,64,2
86,,3316,4,64,4
87,,3316,1,64,1
88,,3316,5,64,5
89,,3316,4,64,3
90,,3316,3,64,2
91,,3317,4,64,4
92,,3317,0,64,1
93,,3317,5,64,5
94,,3317,4,64,3
95,,3317,3,64,2
96,,12204,1,64,4
97,,12204,0,64,1
98,,12204,5,64,5
99,,12204,0,64,3
100,,12204,0,64,2
101,,12214,1,64,4
102,,12214,0,64,1
103,,12214,5,64,5
104,,12214,0,64,3
105,,12214,0,64,2
106,,3300,5,65,4
107,,3300,5,65,1
108,,3300,5,65,5
109,,3300,5,65,3
110,,3300,5,65,2
111,,3303,3,65,4
112,,3303,3,65,1
113,,3303,3,65,5
114,,3303,3,65,3
115,,3303,3,65,2
116,,3306,3,65,4
117,,3306,3,65,1
118,,3306,3,65,5
119,,3306,3,65,3
120,,3306,3,65,2
121,,3309,5,65,4
122,,3309,1,65,1
123,,3309,5,65,5
124,,3309,4,65,3
125,,3309,3,65,2
126,,3310,4,65,4
127,,3310,1,65,1
128,,3310,5,65,5
129,,3310,4,65,3
130,,3310,3,65,2
131,,3311,5,65,4
132,,3311,1,65,1
133,,3311,5,65,5
134,,3311,4,65,3
135,,3311,3,65,2
136,,3312,5,65,4
137,,3312,1,65,1
138,,3312,5,65,5
139,,3312,4,65,3
140,,3312,3,65,2
141,,3315,4,65,4
142,,3315,1,65,1
143,,3315,5,65,5
144,,3315,4,65,3
145,,3315,3,65,2
146,,3316,4,65,4
147,,3316,1,65,1
148,,3316,5,65,5
149,,3316,4,65,3
150,,3316,3,65,2
151,,3317,4,65,4
152,,3317,1,65,1
153,,3317,5,65,5
154,,3317,4,65,3
155,,3317,3,65,2
156,,12205,1,65,4
157,,12205,0,65,1
158,,12205,5,65,5
159,,12205,0,65,3
160,,12205,0,65,2
161,,12215,1,65,4
162,,12215,0,65,1
163,,12215,5,65,5
164,,12215,0,65,3
165,,12215,0,65,2
166,,3300,5,66,4
167,,3300,5,66,1
168,,3300,5,66,5
169,,3300,5,66,3
170,,3300,5,66,2
171,,3303,3,66,4
172,,3303,3,66,1
173,,3303,3,66,5
174,,3303,3,66,3
175,,3303,3,66,2
176,,3306,3,66,4
177,,3306,3,66,1
178,,3306,3,66,5
179,,3306,3,66,3
180,,3306,3,66,2
181,,3309,5,66,4
182,,3309,5,66,1
183,,3309,5,66,5
184,,3309,5,66,3
185,,3309,5,66,2
186,,3310,5,66,4
187,,3310,1,66,1
188,,3310,5,66,5
189,,3310,4,66,3
190,,3310,3,66,2
191,,3311,5,66,4
192,,3311,1,66,1
193,,3311,5,66,5
194,,3311,4,66,3
195,,3311,3,66,2
196,,3312,5,66,4
197,,3312,1,66,1
198,,3312,5,66,5
199,,3312,4,66,3
200,,3312,3,66,2
201,,3315,5,66,4
202,,3315,1,66,1
203,,3315,5,66,5
204,,3315,4,66,3
205,,3315,3,66,2
206,,3316,5,66,4
207,,3316,1,66,1
208,,3316,5,66,5
209,,3316,4,66,3
210,,3316,3,66,2
211,,3317,5,66,4
212,,3317,1,66,1
213,,3317,5,66,5
214,,3317,4,66,3
215,,3317,3,66,2
216,,20327,5,66,4
217,,20327,1,66,1
218,,20327,5,66,5
219,,20327,3,66,3
220,,20327,2,66,2
221,,41407,1,66,4
222,,41407,0,66,1
223,,41407,5,66,5
224,,41407,0,66,3
225,,41407,0,66,2
226,,41408,1,66,4
227,,41408,0,66,1
228,,41408,5,66,5
229,,41408,0,66,3
230,,41408,0,66,2
231,,3300,5,67,4
232,,3300,3,67,1
233,,3300,5,67,5
234,,3300,4,67,3
235,,3300,4,67,2
236,,3301,5,67,4
237,,3301,1,67,1
238,,3301,5,67,5
239,,3301,4,67,3
240,,3301,3,67,2
241,,3310,4,67,4
242,,3310,1,67,1
243,,3310,5,67,5
244,,3310,4,67,3
245,,3310,3,67,2
246,,3311,4,67,4
247,,3311,1,67,1
248,,3311,5,67,5
249,,3311,4,67,3
250,,3311,3,67,2
251,,3312,4,67,4
252,,3312,1,67,1
253,,3312,5,67,5
254,,3312,4,67,3
255,,3312,3,67,2
256,,3315,4,67,4
257,,3315,0,67,1
258,,3315,5,67,5
259,,3315,4,67,3
260,,3315,3,67,2
261,,3316,4,67,4
262,,3316,1,67,1
263,,3316,5,67,5
264,,3316,4,67,3
265,,3316,3,67,2
266,,3317,4,67,4
267,,3317,0,67,1
268,,3317,5,67,5
269,,3317,4,67,3
270,,3317,3,67,2
271,,11082,1,67,4
272,,11082,0,67,1
273,,11082,5,67,5
274,,11082,0,67,3
275,,11082,0,67,2
276,,12210,1,67,4
277,,12210,0,67,1
278,,12210,5,67,5
279,,12210,0,67,3
280,,12210,0,67,2
281,,3300,5,68,4
282,,3300,3,68,1
283,,3300,5,68,5
284,,3300,5,68,3
285,,3300,4,68,2
286,,3301,3,68,4
287,,3301,3,68,1
288,,3301,3,68,5
289,,3301,3,68,3
290,,3301,3,68,2
291,,3304,5,68,4
292,,3304,1,68,1
293,,3304,5,68,5
294,,3304,4,68,3
295,,3304,3,68,2
296,,3310,4,68,4
297,,3310,1,68,1
298,,3310,5,68,5
299,,3310,4,68,3
300,,3310,3,68,2
301,,3311,4,68,4
302,,3311,1,68,1
303,,3311,5,68,5
304,,3311,4,68,3
305,,3311,3,68,2
306,,3312,4,68,4
307,,3312,1,68,1
308,,3312,5,68,5
309,,3312,4,68,3
310,,3312,3,68,2
311,,3315,4,68,4
312,,3315,0,68,1
313,,3315,5,68,5
314,,3315,4,68,3
315,,3315,3,68,2
316,,3316,4,68,4
317,,3316,1,68,1
318,,3316,5,68,5
319,,3316,4,68,3
320,,3316,3,68,2
321,,3317,4,68,4
322,,3317,0,68,1
323,,3317,5,68,5
324,,3317,4,68,3
325,,3317,3,68,2
326,,12206,1,68,4
327,,12206,0,68,1
328,,12206,5,68,5
329,,12206,0,68,3
330,,12206,0,68,2
331,,12211,1,68,4
332,,12211,0,68,1
333,,12211,5,68,5
334,,12211,0,68,3
335,,12211,0,68,2
336,,3300,5,69,4
337,,3300,5,69,1
338,,3300,5,69,5
339,,3300,5,69,3
340,,3300,5,69,2
341,,3301,3,69,4
342,,3301,3,69,1
343,,3301,3,69,5
344,,3301,3,69,3
345,,3301,3,69,2
346,,3304,3,69,4
347,,3304,3,69,1
348,,3304,3,69,5
349,,3304,3,69,3
350,,3304,3,69,2
351,,3307,5,69,4
352,,3307,1,69,1
353,,3307,5,69,5
354,,3307,4,69,3
355,,3307,3,69,2
356,,3310,4,69,4
357,,3310,1,69,1
358,,3310,5,69,5
359,,3310,4,69,3
360,,3310,3,69,2
361,,3311,5,69,4
362,,3311,1,69,1
363,,3311,5,69,5
364,,3311,4,69,3
365,,3311,3,69,2
366,,3312,5,69,4
367,,3312,1,69,1
368,,3312,5,69,5
369,,3312,4,69,3
370,,3312,3,69,2
371,,3315,4,69,4
372,,3315,1,69,1
373,,3315,5,69,5
374,,3315,4,69,3
375,,3315,3,69,2
376,,3316,4,69,4
377,,3316,1,69,1
378,,3316,5,69,5
379,,3316,4,69,3
380,,3316,3,69,2
381,,3317,4,69,4
382,,3317,1,69,1
383,,3317,5,69,5
384,,3317,4,69,3
385,,3317,3,69,2
386,,12207,1,69,4
387,,12207,0,69,1
388,,12207,5,69,5
389,,12207,0,69,3
390,,12207,0,69,2
391,,12212,1,69,4
392,,12212,0,69,1
393,,12212,5,69,5
394,,12212,0,69,3
395,,12212,0,69,2
396,,3300,5,70,4
397,,3300,5,70,1
398,,3300,5,70,5
399,,3300,5,70,3
400,,3300,5,70,2
401,,3301,3,70,4
402,,3301,3,70,1
403,,3301,3,70,5
404,,3301,3,70,3
405,,3301,3,70,2
406,,3304,3,70,4
407,,3304,3,70,1
408,,3304,3,70,5
409,,3304,3,70,3
410,,3304,3,70,2
411,,3307,5,70,4
412,,3307,5,70,1
413,,3307,5,70,5
414,,3307,5,70,3
415,,3307,5,70,2
416,,3310,5,70,4
417,,3310,1,70,1
418,,3310,5,70,5
419,,3310,4,70,3
420,,3310,3,70,2
421,,3311,5,70,4
422,,3311,1,70,1
423,,3311,5,70,5
424,,3311,4,70,3
425,,3311,3,70,2
426,,3312,5,70,4
427,,3312,1,70,1
428,,3312,5,70,5
429,,3312,4,70,3
430,,3312,3,70,2
431,,3315,5,70,4
432,,3315,1,70,1
433,,3315,5,70,5
434,,3315,4,70,3
435,,3315,3,70,2
436,,3316,5,70,4
437,,3316,1,70,1
438,,3316,5,70,5
439,,3316,4,70,3
440,,3316,3,70,2
441,,3317,5,70,4
442,,3317,1,70,1
443,,3317,5,70,5
444,,3317,4,70,3
445,,3317,3,70,2
446,,21666,4,70,4
447,,21666,1,70,1
448,,21666,5,70,5
449,,21666,3,70,3
450,,21666,2,70,2
451,,41405,1,70,4
452,,41405,0,70,1
453,,41405,5,70,5
454,,41405,0,70,3
455,,41405,0,70,2
456,,41406,1,70,4
457,,41406,0,70,1
458,,41406,5,70,5
459,,41406,0,70,3
460,,41406,0,70,2
461,,3300,5,71,4
462,,3300,3,71,1
463,,3300,5,71,5
464,,3300,4,71,3
465,,3300,4,71,2
466,,3302,5,71,4
467,,3302,1,71,1
468,,3302,5,71,5
469,,3302,4,71,3
470,,3302,3,71,2
471,,3310,4,71,4
472,,3310,1,71,1
473,,3310,5,71,5
474,,3310,4,71,3
475,,3310,3,71,2
476,,3311,4,71,4
477,,3311,1,71,1
478,,3311,5,71,5
479,,3311,4,71,3
480,,3311,3,71,2
481,,3312,4,71,4
482,,3312,1,71,1
483,,3312,5,71,5
484,,3312,4,71,3
485,,3312,3,71,2
486,,3315,4,71,4
487,,3315,0,71,1
488,,3315,5,71,5
489,,3315,4,71,3
490,,3315,3,71,2
491,,3317,4,71,4
492,,3317,0,71,1
493,,3317,5,71,5
494,,3317,4,71,3
495,,3317,3,71,2
496,,11084,1,71,4
497,,11084,0,71,1
498,,11084,5,71,5
499,,11084,0,71,3
500,,11084,0,71,2
501,,12201,1,71,4
502,,12201,0,71,1
503,,12201,5,71,5
504,,12201,0,71,3
505,,12201,0,71,2
506,,3300,5,72,4
507,,3300,3,72,1
508,,3300,5,72,5
509,,3300,5,72,3
510,,3300,4,72,2
511,,3302,3,72,4
512,,3302,3,72,1
513,,3302,3,72,5
514,,3302,3,72,3
515,,3302,3,72,2
516,,3305,5,72,4
517,,3305,1,72,1
518,,3305,5,72,5
519,,3305,4,72,3
520,,3305,3,72,2
521,,3310,4,72,4
522,,3310,1,72,1
523,,3310,5,72,5
524,,3310,4,72,3
525,,3310,3,72,2
526,,3311,4,72,4
527,,3311,1,72,1
528,,3311,5,72,5
529,,3311,4,72,3
530,,3311,3,72,2
531,,3312,4,72,4
532,,3312,1,72,1
533,,3312,5,72,5
534,,3312,4,72,3
535,,3312,3,72,2
536,,3315,4,72,4
537,,3315,0,72,1
538,,3315,5,72,5
539,,3315,4,72,3
540,,3315,3,72,2
541,,3317,4,72,4
542,,3317,0,72,1
543,,3317,5,72,5
544,,3317,4,72,3
545,,3317,3,72,2
546,,12202,1,72,4
547,,12202,0,72,1
548,,12202,5,72,5
549,,12202,0,72,3
550,,12202,0,72,2
551,,12208,1,72,4
552,,12208,0,72,1
553,,12208,5,72,5
554,,12208,0,72,3
555,,12208,0,72,2
556,,3300,5,73,4
557,,3300,5,73,1
558,,3300,5,73,5
559,,3300,5,73,3
560,,3300,5,73,2
561,,3302,3,73,4
562,,3302,3,73,1
563,,3302,3,73,5
564,,3302,3,73,3
565,,3302,3,73,2
566,,3305,3,73,4
567,,3305,3,73,1
568,,3305,3,73,5
569,,3305,3,73,3
570,,3305,3,73,2
571,,3308,5,73,4
572,,3308,1,73,1
573,,3308,5,73,5
574,,3308,4,73,3
575,,3308,3,73,2
576,,3310,4,73,4
577,,3310,1,73,1
578,,3310,5,73,5
579,,3310,4,73,3
580,,3310,3,73,2
581,,3311,5,73,4
582,,3311,1,73,1
583,,3311,5,73,5
584,,3311,4,73,3
585,,3311,3,73,2
586,,3312,5,73,4
587,,3312,1,73,1
588,,3312,5,73,5
589,,3312,4,73,3
590,,3312,3,73,2
591,,3315,4,73,4
592,,3315,1,73,1
593,,3315,5,73,5
594,,3315,4,73,3
595,,3315,3,73,2
596,,3317,4,73,4
597,,3317,1,73,1
598,,3317,5,73,5
599,,3317,4,73,3
600,,3317,3,73,2
601,,12203,1,73,4
602,,12203,0,73,1
603,,12203,5,73,5
604,,12203,0,73,3
605,,12203,0,73,2
606,,12209,1,73,4
607,,12209,0,73,1
608,,12209,5,73,5
609,,12209,0,73,3
610,,12209,0,73,2
611,,3300,5,74,4
612,,3300,5,74,1
613,,3300,5,74,5
614,,3300,5,74,3
615,,3300,5,74,2
616,,3302,3,74,4
617,,3302,3,74,1
618,,3302,3,74,5
619,,3302,3,74,3
620,,3302,3,74,2
621,,3305,3,74,4
622,,3305,3,74,1
623,,3305,3,74,5
624,,3305,3,74,3
625,,3305,3,74,2
626,,3308,5,74,4
627,,3308,5,74,1
628,,3308,5,74,5
629,,3308,5,74,3
630,,3308,5,74,2
631,,3310,5,74,4
632,,3310,1,74,1
633,,3310,5,74,5
634,,3310,4,74,3
635,,3310,3,74,2
636,,3311,5,74,4
637,,3311,1,74,1
638,,3311,5,74,5
639,,3311,4,74,3
640,,3311,3,74,2
641,,3312,5,74,4
642,,3312,1,74,1
643,,3312,5,74,5
644,,3312,4,74,3
645,,3312,3,74,2
646,,3315,5,74,4
647,,3315,1,74,1
648,,3315,5,74,5
649,,3315,4,74,3
650,,3315,3,74,2
651,,3317,5,74,4
652,,3317,1,74,1
653,,3317,5,74,5
654,,3317,4,74,3
655,,3317,3,74,2
656,,21667,4,74,4
657,,21667,1,74,1
658,,21667,5,74,5
659,,21667,3,74,3
660,,21667,2,74,2
661,,41403,1,74,4
662,,41403,0,74,1
663,,41403,5,74,5
664,,41403,0,74,3
665,,41403,0,74,2
666,,41404,1,74,4
667,,41404,0,74,1
668,,41404,5,74,5
669,,41404,0,74,3
670,,41404,0,74,2
671,,3319,5,75,4
672,,3319,3,75,1
673,,3319,5,75,5
674,,3319,5,75,3
675,,3319,4,75,2
676,,3320,5,75,4
677,,3320,1,75,1
678,,3320,5,75,5
679,,3320,4,75,3
680,,3320,3,75,2
681,,3321,5,75,4
682,,3321,1,75,1
683,,3321,5,75,5
684,,3321,4,75,3
685,,3321,3,75,2
686,,12441,4,75,4
687,,12441,1,75,1
688,,12441,5,75,5
689,,12441,4,75,3
690,,12441,3,75,2
691,,12442,4,75,4
692,,12442,1,75,1
693,,12442,5,75,5
694,,12442,4,75,3
695,,12442,3,75,2
696,,20209,1,75,4
697,,20209,0,75,1
698,,20209,5,75,5
699,,20209,0,75,3
700,,20209,0,75,2
701,,20210,1,75,4
702,,20210,0,75,1
703,,20210,5,75,5
704,,20210,0,75,3
705,,20210,0,75,2
706,,20312,4,75,4
707,,20312,0,75,1
708,,20312,5,75,5
709,,20312,4,75,3
710,,20312,0,75,2
711,,20314,4,75,4
712,,20314,1,75,1
713,,20314,5,75,5
714,,20314,4,75,3
715,,20314,3,75,2
716,,20315,4,75,4
717,,20315,0,75,1
718,,20315,5,75,5
719,,20315,4,75,3
720,,20315,3,75,2
721,,21071,4,75,4
722,,21071,1,75,1
723,,21071,5,75,5
724,,21071,4,75,3
725,,21071,3,75,2
726,,3319,5,76,4
727,,3319,3,76,1
728,,3319,5,76,5
729,,3319,5,76,3
730,,3319,4,76,2
731,,3321,3,76,4
732,,3321,3,76,1
733,,3321,3,76,5
734,,3321,3,76,3
735,,3321,3,76,2
736,,3324,5,76,4
737,,3324,1,76,1
738,,3324,5,76,5
739,,3324,4,76,3
740,,3324,3,76,2
741,,12441,4,76,4
742,,12441,1,76,1
743,,12441,5,76,5
744,,12441,4,76,3
745,,12441,3,76,2
746,,12442,4,76,4
747,,12442,1,76,1
748,,12442,5,76,5
749,,12442,4,76,3
750,,12442,3,76,2
751,,20211,1,76,4
752,,20211,0,76,1
753,,20211,5,76,5
754,,20211,0,76,3
755,,20211,0,76,2
756,,20312,4,76,4
757,,20312,0,76,1
758,,20312,5,76,5
759,,20312,4,76,3
760,,20312,0,76,2
761,,20314,4,76,4
762,,20314,1,76,1
763,,20314,5,76,5
764,,20314,4,76,3
765,,20314,3,76,2
766,,20315,4,76,4
767,,20315,0,76,1
768,,20315,5,76,5
769,,20315,4,76,3
770,,20315,3,76,2
771,,21071,4,76,4
772,,21071,1,76,1
773,,21071,5,76,5
774,,21071,4,76,3
775,,21071,3,76,2
776,,25718,1,76,4
777,,25718,0,76,1
778,,25718,5,76,5
779,,25718,0,76,3
780,,25718,0,76,2
781,,25719,5,76,4
782,,25719,1,76,1
783,,25719,5,76,5
784,,25719,4,76,3
785,,25719,3,76,2
786,,3319,5,77,4
787,,3319,5,77,1
788,,3319,5,77,5
789,,3319,5,77,3
790,,3319,5,77,2
791,,3321,3,77,4
792,,3321,3,77,1
793,,3321,3,77,5
794,,3321,3,77,3
795,,3321,3,77,2
796,,3324,3,77,4
797,,3324,3,77,1
798,,3324,3,77,5
799,,3324,3,77,3
800,,3324,3,77,2
801,,3325,5,77,4
802,,3325,1,77,1
803,,3325,5,77,5
804,,3325,4,77,3
805,,3325,3,77,2
806,,3326,5,77,4
807,,3326,1,77,1
808,,3326,5,77,5
809,,3326,4,77,3
810,,3326,3,77,2
811,,12441,4,77,4
812,,12441,1,77,1
813,,12441,5,77,5
814,,12441,4,77,3
815,,12441,3,77,2
816,,12442,4,77,4
817,,12442,1,77,1
818,,12442,5,77,5
819,,12442,4,77,3
820,,12442,3,77,2
821,,20212,1,77,4
822,,20212,0,77,1
823,,20212,5,77,5
824,,20212,0,77,3
825,,20212,0,77,2
826,,20213,1,77,4
827,,20213,0,77,1
828,,20213,5,77,5
829,,20213,0,77,3
830,,20213,0,77,2
831,,20312,4,77,4
832,,20312,0,77,1
833,,20312,5,77,5
834,,20312,4,77,3
835,,20312,0,77,2
836,,20314,4,77,4
837,,20314,1,77,1
838,,20314,5,77,5
839,,20314,4,77,3
840,,20314,3,77,2
841,,20315,4,77,4
842,,20315,0,77,1
843,,20315,5,77,5
844,,20315,4,77,3
845,,20315,3,77,2
846,,21071,4,77,4
847,,21071,1,77,1
848,,21071,5,77,5
849,,21071,4,77,3
850,,21071,3,77,2
851,,3300,2,78,4
852,,3300,2,78,1
853,,3300,2,78,5
854,,3300,2,78,3
855,,3300,2,78,2
856,,3319,5,78,4
857,,3319,5,78,1
858,,3319,5,78,5
859,,3319,5,78,3
860,,3319,5,78,2
861,,3321,3,78,4
862,,3321,3,78,1
863,,3321,3,78,5
864,,3321,3,78,3
865,,3321,3,78,2
866,,3324,3,78,4
867,,3324,3,78,1
868,,3324,3,78,5
869,,3324,3,78,3
870,,3324,3,78,2
871,,3325,5,78,4
872,,3325,5,78,1
873,,3325,5,78,5
874,,3325,5,78,3
875,,3325,5,78,2
876,,3326,5,78,4
877,,3326,5,78,1
878,,3326,5,78,5
879,,3326,5,78,3
880,,3326,5,78,2
881,,12441,5,78,4
882,,12441,1,78,1
883,,12441,5,78,5
884,,12441,4,78,3
885,,12441,3,78,2
886,,12442,5,78,4
887,,12442,1,78,1
888,,12442,5,78,5
889,,12442,4,78,3
890,,12442,3,78,2
891,,20312,5,78,4
892,,20312,1,78,1
893,,20312,5,78,5
894,,20312,4,78,3
895,,20312,3,78,2
896,,20314,5,78,4
897,,20314,1,78,1
898,,20314,5,78,5
899,,20314,4,78,3
900,,20314,3,78,2
901,,20315,5,78,4
902,,20315,1,78,1
903,,20315,5,78,5
904,,20315,4,78,3
905,,20315,3,78,2
906,,21071,5,78,4
907,,21071,1,78,1
908,,21071,5,78,5
909,,21071,4,78,3
910,,21071,3,78,2
911,,21668,4,78,4
912,,21668,1,78,1
913,,21668,5,78,5
914,,21668,3,78,3
915,,21668,2,78,2
916,,32435,4,78,4
917,,32435,1,78,1
918,,32435,5,78,5
919,,32435,3,78,3
920,,32435,2,78,2
921,,41409,1,78,4
922,,41409,0,78,1
923,,41409,5,78,5
924,,41409,0,78,3
925,,41409,0,78,2
926,,41410,1,78,4
927,,41410,0,78,1
928,,41410,5,78,5
929,,41410,0,78,3
930,,41410,0,78,2
931,,3319,5,79,4
932,,3319,3,79,1
933,,3319,5,79,5
934,,3319,5,79,3
935,,3319,4,79,2
936,,3321,3,79,4
937,,3321,3,79,1
938,,3321,3,79,5
939,,3321,3,79,3
940,,3321,3,79,2
941,,3324,3,79,4
942,,3324,3,79,1
943,,3324,3,79,5
944,,3324,3,79,3
945,,3324,3,79,2
946,,3325,5,79,4
947,,3325,1,79,1
948,,3325,5,79,5
949,,3325,4,79,3
950,,3325,3,79,2
951,,12441,4,79,4
952,,12441,4,79,1
953,,12441,5,79,5
954,,12441,4,79,3
955,,12441,4,79,2
956,,12442,4,79,4
957,,12442,1,79,1
958,,12442,5,79,5
959,,12442,4,79,3
960,,12442,3,79,2
961,,20213,1,79,4
962,,20213,0,79,1
963,,20213,5,79,5
964,,20213,0,79,3
965,,20213,0,79,2
966,,20312,4,79,4
967,,20312,0,79,1
968,,20312,5,79,5
969,,20312,4,79,3
970,,20312,0,79,2
971,,20314,4,79,4
972,,20314,1,79,1
973,,20314,5,79,5
974,,20314,4,79,3
975,,20314,3,79,2
976,,20315,4,79,4
977,,20315,0,79,1
978,,20315,5,79,5
979,,20315,4,79,3
980,,20315,3,79,2
981,,21071,4,79,4
982,,21071,1,79,1
983,,21071,5,79,5
984,,21071,4,79,3
985,,21071,3,79,2
986,,28073,5,79,4
987,,28073,1,79,1
988,,28073,5,79,5
989,,28073,4,79,3
990,,28073,3,79,2
991,,3348,5,81,4
992,,3348,5,81,1
993,,3348,5,81,5
994,,3348,5,81,3
995,,3348,5,81,2
996,,3436,5,81,4
997,,3436,5,81,1
998,,3436,5,81,5
999,,3436,5,81,3
1000,,3436,5,81,2
1001,,3442,5,81,4
1002,,3442,5,81,1
1003,,3442,5,81,5
1004,,3442,5,81,3
1005,,3442,5,81,2
1006,,12305,4,81,4
1007,,12305,1,81,1
1008,,12305,5,81,5
1009,,12305,3,81,3
1010,,12305,2,81,2
1011,,23069,4,81,4
1012,,23069,1,81,1
1013,,23069,5,81,5
1014,,23069,3,81,3
1015,,23069,2,81,2
1016,,23606,4,81,4
1017,,23606,1,81,1
1018,,23606,5,81,5
1019,,23606,3,81,3
1020,,23606,2,81,2
1021,,23618,4,81,4
1022,,23618,1,81,1
1023,,23618,5,81,5
1024,,23618,3,81,3
1025,,23618,2,81,2
1026,,24613,4,81,4
1027,,24613,1,81,1
1028,,24613,5,81,5
1029,,24613,3,81,3
1030,,24613,2,81,2
1031,,40572,4,81,4
1032,,40572,1,81,1
1033,,40572,5,81,5
1034,,40572,3,81,3
1035,,40572,2,81,2
1036,,40573,4,81,4
1037,,40573,1,81,1
1038,,40573,5,81,5
1039,,40573,3,81,3
1040,,40573,2,81,2
1041,,3348,5,82,4
1042,,3348,5,82,1
1043,,3348,5,82,5
1044,,3348,5,82,3
1045,,3348,5,82,2
1046,,3436,5,82,4
1047,,3436,5,82,1
1048,,3436,5,82,5
1049,,3436,5,82,3
1050,,3436,5,82,2
1051,,3442,5,82,4
1052,,3442,5,82,1
1053,,3442,5,82,5
1054,,3442,5,82,3
1055,,3442,5,82,2
1056,,12305,4,82,4
1057,,12305,1,82,1
1058,,12305,5,82,5
1059,,12305,3,82,3
1060,,12305,2,82,2
1061,,23069,4,82,4
1062,,23069,1,82,1
1063,,23069,5,82,5
1064,,23069,3,82,3
1065,,23069,2,82,2
1066,,23606,4,82,4
1067,,23606,1,82,1
1068,,23606,5,82,5
1069,,23606,3,82,3
1070,,23606,2,82,2
1071,,23618,4,82,4
1072,,23618,1,82,1
1073,,23618,5,82,5
1074,,23618,3,82,3
1075,,23618,2,82,2
1076,,24613,4,82,4
1077,,24613,1,82,1
1078,,24613,5,82,5
1079,,24613,3,82,3
1080,,24613,2,82,2
1081,,32339,4,82,4
1082,,32339,1,82,1
1083,,32339,5,82,5
1084,,32339,3,82,3
1085,,32339,2,82,2
1086,,3386,2,83,4
1087,,3386,2,83,1
1088,,3386,2,83,5
1089,,3386,2,83,3
1090,,3386,2,83,2
1091,,3392,3,83,4
1092,,3392,3,83,1
1093,,3392,3,83,5
1094,,3392,3,83,3
1095,,3392,3,83,2
1096,,3426,1,83,4
1097,,3426,1,83,1
1098,,3426,1,83,5
1099,,3426,1,83,3
1100,,3426,1,83,2
1101,,3436,5,83,4
1102,,3436,4,83,1
1103,,3436,5,83,5
1104,,3436,4,83,3
1105,,3436,4,83,2
1106,,3438,4,83,4
1107,,3438,1,83,1
1108,,3438,5,83,5
1109,,3438,3,83,3
1110,,3438,2,83,2
1111,,3440,4,83,4
1112,,3440,1,83,1
1113,,3440,5,83,5
1114,,3440,3,83,3
1115,,3440,2,83,2
1116,,3551,3,83,4
1117,,3551,3,83,1
1118,,3551,3,83,5
1119,,3551,3,83,3
1120,,3551,3,83,2
1121,,25863,2,83,4
1122,,25863,2,83,1
1123,,25863,2,83,5
1124,,25863,2,83,3
1125,,25863,2,83,2
1126,,3392,3,84,4
1127,,3392,3,84,1
1128,,3392,3,84,5
1129,,3392,3,84,3
1130,,3392,3,84,2
1131,,3393,2,84,4
1132,,3393,2,84,1
1133,,3393,2,84,5
1134,,3393,2,84,3
1135,,3393,2,84,2
1136,,3402,2,84,4
1137,,3402,2,84,1
1138,,3402,2,84,5
1139,,3402,2,84,3
1140,,3402,2,84,2
1141,,3413,3,84,4
1142,,3413,3,84,1
1143,,3413,3,84,5
1144,,3413,3,84,3
1145,,3413,3,84,2
1146,,3422,4,84,4
1147,,3422,3,84,1
1148,,3422,4,84,5
1149,,3422,3,84,3
1150,,3422,3,84,2
1151,,3436,5,84,4
1152,,3436,5,84,1
1153,,3436,5,84,5
1154,,3436,5,84,3
1155,,3436,5,84,2
1156,,3439,4,84,4
1157,,3439,1,84,1
1158,,3439,5,84,5
1159,,3439,3,84,3
1160,,3439,2,84,2
1161,,16069,4,84,4
1162,,16069,3,84,1
1163,,16069,4,84,5
1164,,16069,3,84,3
1165,,16069,3,84,2
1166,,23618,1,84,4
1167,,23618,1,84,1
1168,,23618,1,84,5
1169,,23618,1,84,3
1170,,23618,1,84,2
1171,,27902,4,84,4
1172,,27902,3,84,1
1173,,27902,4,84,5
1174,,27902,3,84,3
1175,,27902,3,84,2
1176,,3402,1,85,4
1177,,3402,1,85,1
1178,,3402,1,85,5
1179,,3402,1,85,3
1180,,3402,1,85,2
1181,,3413,3,85,4
1182,,3413,1,85,1
1183,,3413,3,85,5
1184,,3413,3,85,3
1185,,3413,3,85,2
1186,,3416,5,85,4
1187,,3416,1,85,1
1188,,3416,5,85,5
1189,,3416,4,85,3
1190,,3416,3,85,2
1191,,3419,5,85,4
1192,,3419,0,85,1
1193,,3419,5,85,5
1194,,3419,3,85,3
1195,,3419,1,85,2
1196,,3420,4,85,4
1197,,3420,0,85,1
1198,,3420,4,85,5
1199,,3420,3,85,3
1200,,3420,1,85,2
1201,,3424,4,85,4
1202,,3424,0,85,1
1203,,3424,5,85,5
1204,,3424,3,85,3
1205,,3424,1,85,2
1206,,3425,4,85,4
1207,,3425,0,85,1
1208,,3425,5,85,5
1209,,3425,3,85,3
1210,,3425,1,85,2
1211,,11566,4,85,4
1212,,11566,0,85,1
1213,,11566,5,85,5
1214,,11566,1,85,3
1215,,11566,0,85,2
1216,,12365,4,85,4
1217,,12365,0,85,1
1218,,12365,5,85,5
1219,,12365,1,85,3
1220,,12365,0,85,2
1221,,12366,4,85,4
1222,,12366,0,85,1
1223,,12366,5,85,5
1224,,12366,1,85,3
1225,,12366,0,85,2
1226,,12367,4,85,4
1227,,12367,0,85,1
1228,,12367,5,85,5
1229,,12367,1,85,3
1230,,12367,0,85,2
1231,,21059,4,85,4
1232,,21059,0,85,1
1233,,21059,5,85,5
1234,,21059,3,85,3
1235,,21059,1,85,2
1236,,3413,5,86,4
1237,,3413,5,86,1
1238,,3413,5,86,5
1239,,3413,5,86,3
1240,,3413,5,86,2
1241,,3416,5,86,4
1242,,3416,5,86,1
1243,,3416,5,86,5
1244,,3416,5,86,3
1245,,3416,5,86,2
1246,,3419,5,86,4
1247,,3419,5,86,1
1248,,3419,5,86,5
1249,,3419,5,86,3
1250,,3419,5,86,2
1251,,3420,4,86,4
1252,,3420,0,86,1
1253,,3420,5,86,5
1254,,3420,3,86,3
1255,,3420,1,86,2
1256,,11566,4,86,4
1257,,11566,0,86,1
1258,,11566,5,86,5
1259,,11566,3,86,3
1260,,11566,1,86,2
1261,,12365,4,86,4
1262,,12365,0,86,1
1263,,12365,5,86,5
1264,,12365,3,86,3
1265,,12365,1,86,2
1266,,12366,4,86,4
1267,,12366,0,86,1
1268,,12366,5,86,5
1269,,12366,3,86,3
1270,,12366,1,86,2
1271,,12367,4,86,4
1272,,12367,0,86,1
1273,,12367,5,86,5
1274,,12367,3,86,3
1275,,12367,1,86,2
1276,,21802,4,86,4
1277,,21802,1,86,1
1278,,21802,5,86,5
1279,,21802,3,86,3
1280,,21802,2,86,2
1281,,32797,4,86,4
1282,,32797,0,86,1
1283,,32797,5,86,5
1284,,32797,3,86,3
1285,,32797,1,86,2
1286,,3402,2,87,4
1287,,3402,2,87,1
1288,,3402,2,87,5
1289,,3402,2,87,3
1290,,3402,2,87,2
1291,,3413,3,87,4
1292,,3413,3,87,1
1293,,3413,3,87,5
1294,,3413,3,87,3
1295,,3413,3,87,2
1296,,3422,4,87,4
1297,,3422,1,87,1
1298,,3422,5,87,5
1299,,3422,3,87,3
1300,,3422,2,87,2
1301,,3402,2,88,4
1302,,3402,2,88,1
1303,,3402,2,88,5
1304,,3402,2,88,3
1305,,3402,2,88,2
1306,,3413,5,88,4
1307,,3413,5,88,1
1308,,3413,5,88,5
1309,,3413,5,88,3
1310,,3413,5,88,2
1311,,3422,5,88,4
1312,,3422,5,88,1
1313,,3422,5,88,5
1314,,3422,5,88,3
1315,,3422,5,88,2
1316,,24571,4,88,4
1317,,24571,1,88,1
1318,,24571,5,88,5
1319,,24571,3,88,3
1320,,24571,2,88,2
1321,,3392,5,89,4
1322,,3392,1,89,1
1323,,3392,5,89,5
1324,,3392,4,89,3
1325,,3392,3,89,2
1326,,3393,4,89,4
1327,,3393,1,89,1
1328,,3393,5,89,5
1329,,3393,3,89,3
1330,,3393,2,89,2
1331,,3394,5,89,4
1332,,3394,1,89,1
1333,,3394,5,89,5
1334,,3394,4,89,3
1335,,3394,3,89,2
1336,,22806,4,89,4
1337,,22806,0,89,1
1338,,22806,5,89,5
1339,,22806,1,89,3
1340,,22806,0,89,2
1341,,22807,4,89,4
1342,,22807,0,89,1
1343,,22807,5,89,5
1344,,22807,1,89,3
1345,,22807,0,89,2
1346,,22808,4,89,4
1347,,22808,0,89,1
1348,,22808,5,89,5
1349,,22808,1,89,3
1350,,22808,0,89,2
1351,,22809,4,89,4
1352,,22809,0,89,1
1353,,22809,5,89,5
1354,,22809,1,89,3
1355,,22809,0,89,2
1356,,33078,3,89,4
1357,,33078,0,89,1
1358,,33078,5,89,5
1359,,33078,1,89,3
1360,,33078,0,89,2
1361,,3392,5,90,4
1362,,3392,5,90,1
1363,,3392,5,90,5
1364,,3392,5,90,3
1365,,3392,5,90,2
1366,,3393,5,90,4
1367,,3393,5,90,1
1368,,3393,5,90,5
1369,,3393,5,90,3
1370,,3393,5,90,2
1371,,3394,5,90,4
1372,,3394,5,90,1
1373,,3394,5,90,5
1374,,3394,5,90,3
1375,,3394,5,90,2
1376,,21803,4,90,4
1377,,21803,1,90,1
1378,,21803,5,90,5
1379,,21803,3,90,3
1380,,21803,2,90,2
1381,,22806,4,90,4
1382,,22806,0,90,1
1383,,22806,5,90,5
1384,,22806,3,90,3
1385,,22806,1,90,2
1386,,22807,4,90,4
1387,,22807,0,90,1
1388,,22807,5,90,5
1389,,22807,3,90,3
1390,,22807,1,90,2
1391,,22808,4,90,4
1392,,22808,0,90,1
1393,,22808,5,90,5
1394,,22808,3,90,3
1395,,22808,1,90,2
1396,,22809,4,90,4
1397,,22809,0,90,1
1398,,22809,5,90,5
1399,,22809,3,90,3
1400,,22809,1,90,2
1401,,32797,4,90,4
1402,,32797,0,90,1
1403,,32797,5,90,5
1404,,32797,3,90,3
1405,,32797,1,90,2
1406,,3392,4,91,4
1407,,3392,3,91,1
1408,,3392,5,91,5
1409,,3392,3,91,3
1410,,3392,3,91,2
1411,,3393,2,91,4
1412,,3393,2,91,1
1413,,3393,2,91,5
1414,,3393,2,91,3
1415,,3393,2,91,2
1416,,16069,4,91,4
1417,,16069,1,91,1
1418,,16069,5,91,5
1419,,16069,3,91,3
1420,,16069,2,91,2
1421,,3392,3,92,4
1422,,3392,3,92,1
1423,,3392,3,92,5
1424,,3392,3,92,3
1425,,3392,3,92,2
1426,,3393,2,92,4
1427,,3393,2,92,1
1428,,3393,2,92,5
1429,,3393,2,92,3
1430,,3393,2,92,2
1431,,16069,5,92,4
1432,,16069,5,92,1
1433,,16069,5,92,5
1434,,16069,5,92,3
1435,,16069,5,92,2
1436,,24568,4,92,4
1437,,24568,1,92,1
1438,,24568,5,92,5
1439,,24568,3,92,3
1440,,24568,2,92,2
1441,,3426,4,93,4
1442,,3426,1,93,1
1443,,3426,4,93,5
1444,,3426,4,93,3
1445,,3426,2,93,2
1446,,3428,4,93,4
1447,,3428,0,93,1
1448,,3428,5,93,5
1449,,3428,3,93,3
1450,,3428,1,93,2
1451,,3429,5,93,4
1452,,3429,1,93,1
1453,,3429,5,93,5
1454,,3429,4,93,3
1455,,3429,3,93,2
1456,,3431,4,93,4
1457,,3431,0,93,1
1458,,3431,5,93,5
1459,,3431,3,93,3
1460,,3431,1,93,2
1461,,33002,4,93,4
1462,,33002,0,93,1
1463,,33002,5,93,5
1464,,33002,3,93,3
1465,,33002,0,93,2
1466,,3327,4,94,4
1467,,3327,1,94,1
1468,,3327,5,94,5
1469,,3327,3,94,3
1470,,3327,2,94,2
1471,,3449,5,94,4
1472,,3449,1,94,1
1473,,3449,5,94,5
1474,,3449,4,94,3
1475,,3449,3,94,2
1476,,3450,4,94,4
1477,,3450,0,94,1
1478,,3450,5,94,5
1479,,3450,3,94,3
1480,,3450,1,94,2
1481,,3451,3,94,4
1482,,3451,0,94,1
1483,,3451,5,94,5
1484,,3451,1,94,3
1485,,3451,0,94,2
1486,,3452,4,94,4
1487,,3452,0,94,1
1488,,3452,5,94,5
1489,,3452,3,94,3
1490,,3452,1,94,2
1491,,3453,4,94,4
1492,,3453,0,94,1
1493,,3453,5,94,5
1494,,3453,3,94,3
1495,,3453,1,94,2
1496,,3454,3,94,4
1497,,3454,0,94,1
1498,,3454,5,94,5
1499,,3454,0,94,3
1500,,3454,0,94,2
1501,,3455,4,94,4
1502,,3455,0,94,1
1503,,3455,5,94,5
1504,,3455,3,94,3
1505,,3455,1,94,2
1506,,3327,5,95,4
1507,,3327,5,95,1
1508,,3327,5,95,5
1509,,3327,5,95,3
1510,,3327,5,95,2
1511,,3449,5,95,4
1512,,3449,5,95,1
1513,,3449,5,95,5
1514,,3449,5,95,3
1515,,3449,5,95,2
1516,,3453,5,95,4
1517,,3453,0,95,1
1518,,3453,5,95,5
1519,,3453,4,95,3
1520,,3453,1,95,2
1521,,3455,5,95,4
1522,,3455,1,95,1
1523,,3455,5,95,5
1524,,3455,5,95,3
1525,,3455,3,95,2
1526,,20342,5,95,4
1527,,20342,1,95,1
1528,,20342,5,95,5
1529,,20342,5,95,3
1530,,20342,3,95,2
1531,,20533,3,95,4
1532,,20533,0,95,1
1533,,20533,5,95,5
1534,,20533,1,95,3
1535,,20533,0,95,2
1536,,3402,1,96,4
1537,,3402,1,96,1
1538,,3402,1,96,5
1539,,3402,1,96,3
1540,,3402,1,96,2
1541,,3413,5,96,4
1542,,3413,1,96,1
1543,,3413,5,96,5
1544,,3413,4,96,3
1545,,3413,3,96,2
1546,,3417,5,96,4
1547,,3417,1,96,1
1548,,3417,5,96,5
1549,,3417,4,96,3
1550,,3417,3,96,2
1551,,3418,4,96,4
1552,,3418,0,96,1
1553,,3418,5,96,5
1554,,3418,3,96,3
1555,,3418,1,96,2
1556,,3424,4,96,4
1557,,3424,0,96,1
1558,,3424,5,96,5
1559,,3424,3,96,3
1560,,3424,1,96,2
1561,,3426,5,96,4
1562,,3426,1,96,1
1563,,3426,5,96,5
1564,,3426,4,96,3
1565,,3426,3,96,2
1566,,3432,4,96,4
1567,,3432,0,96,1
1568,,3432,5,96,5
1569,,3432,3,96,3
1570,,3432,1,96,2
1571,,3402,2,97,4
1572,,3402,2,97,1
1573,,3402,2,97,5
1574,,3402,2,97,3
1575,,3402,2,97,2
1576,,3413,3,97,4
1577,,3413,3,97,1
1578,,3413,3,97,5
1579,,3413,3,97,3
1580,,3413,3,97,2
1581,,3423,4,97,4
1582,,3423,1,97,1
1583,,3423,5,97,5
1584,,3423,3,97,3
1585,,3423,2,97,2
1586,,3402,2,98,4
1587,,3402,2,98,1
1588,,3402,2,98,5
1589,,3402,2,98,3
1590,,3402,2,98,2
1591,,3413,5,98,4
1592,,3413,5,98,1
1593,,3413,5,98,5
1594,,3413,5,98,3
1595,,3413,5,98,2
1596,,3423,5,98,4
1597,,3423,5,98,1
1598,,3423,5,98,5
1599,,3423,5,98,3
1600,,3423,5,98,2
1601,,24572,4,98,4
1602,,24572,1,98,1
1603,,24572,5,98,5
1604,,24572,3,98,3
1605,,24572,2,98,2
1606,,3426,3,99,4
1607,,3426,3,99,1
1608,,3426,3,99,5
1609,,3426,3,99,3
1610,,3426,3,99,2
1611,,3435,4,99,4
1612,,3435,1,99,1
1613,,3435,5,99,5
1614,,3435,3,99,3
1615,,3435,2,99,2
1616,,3449,2,99,4
1617,,3449,2,99,1
1618,,3449,2,99,5
1619,,3449,2,99,3
1620,,3449,2,99,2
1621,,3426,5,100,4
1622,,3426,1,100,1
1623,,3426,5,100,5
1624,,3426,4,100,3
1625,,3426,3,100,2
1626,,3427,4,100,4
1627,,3427,1,100,1
1628,,3427,5,100,5
1629,,3427,3,100,3
1630,,3427,2,100,2
1631,,19759,4,100,4
1632,,19759,0,100,1
1633,,19759,5,100,5
1634,,19759,3,100,3
1635,,19759,0,100,2
1636,,19760,4,100,4
1637,,19760,0,100,1
1638,,19760,5,100,5
1639,,19760,3,100,3
1640,,19760,1,100,2
1641,,19761,4,100,4
1642,,19761,0,100,1
1643,,19761,5,100,5
1644,,19761,0,100,3
1645,,19761,0,100,2
1646,,3426,5,101,4
1647,,3426,3,101,1
1648,,3426,5,101,5
1649,,3426,4,101,3
1650,,3426,3,101,2
1651,,3427,3,101,4
1652,,3427,1,101,1
1653,,3427,3,101,5
1654,,3427,3,101,3
1655,,3427,2,101,2
1656,,3433,4,101,4
1657,,3433,1,101,1
1658,,3433,5,101,5
1659,,3433,3,101,3
1660,,3433,2,101,2
1661,,19759,4,101,4
1662,,19759,0,101,1
1663,,19759,5,101,5
1664,,19759,3,101,3
1665,,19759,0,101,2
1666,,19760,4,101,4
1667,,19760,0,101,1
1668,,19760,5,101,5
1669,,19760,3,101,3
1670,,19760,1,101,2
1671,,19766,4,101,4
1672,,19766,0,101,1
1673,,19766,5,101,5
1674,,19766,0,101,3
1675,,19766,0,101,2
1676,,3426,5,102,4
1677,,3426,3,102,1
1678,,3426,5,102,5
1679,,3426,4,102,3
1680,,3426,3,102,2
1681,,3427,3,102,4
1682,,3427,1,102,1
1683,,3427,3,102,5
1684,,3427,3,102,3
1685,,3427,2,102,2
1686,,3434,4,102,4
1687,,3434,1,102,1
1688,,3434,5,102,5
1689,,3434,3,102,3
1690,,3434,2,102,2
1691,,19759,4,102,4
1692,,19759,0,102,1
1693,,19759,5,102,5
1694,,19759,3,102,3
1695,,19759,0,102,2
1696,,19760,4,102,4
1697,,19760,0,102,1
1698,,19760,5,102,5
1699,,19760,3,102,3
1700,,19760,1,102,2
1701,,19767,4,102,4
1702,,19767,0,102,1
1703,,19767,5,102,5
1704,,19767,0,102,3
1705,,19767,0,102,2
1706,,3426,5,103,4
1707,,3426,3,103,1
1708,,3426,5,103,5
1709,,3426,4,103,3
1710,,3426,3,103,2
1711,,3427,3,103,4
1712,,3427,1,103,1
1713,,3427,3,103,5
1714,,3427,3,103,3
1715,,3427,2,103,2
1716,,19759,4,103,4
1717,,19759,0,103,1
1718,,19759,5,103,5
1719,,19759,3,103,3
1720,,19759,0,103,2
1721,,19760,4,103,4
1722,,19760,0,103,1
1723,,19760,5,103,5
1724,,19760,3,103,3
1725,,19760,1,103,2
1726,,19921,4,103,4
1727,,19921,1,103,1
1728,,19921,5,103,5
1729,,19921,3,103,3
1730,,19921,2,103,2
1731,,19922,4,103,4
1732,,19922,0,103,1
1733,,19922,5,103,5
1734,,19922,0,103,3
1735,,19922,0,103,2
1736,,3402,3,104,4
1737,,3402,3,104,1
1738,,3402,3,104,5
1739,,3402,3,104,3
1740,,3402,3,104,2
1741,,3412,4,104,4
1742,,3412,1,104,1
1743,,3412,5,104,5
1744,,3412,3,104,3
1745,,3412,2,104,2
1746,,3426,1,104,4
1747,,3426,1,104,1
1748,,3426,1,104,5
1749,,3426,1,104,3
1750,,3426,1,104,2
1751,,3551,4,104,4
1752,,3551,1,104,1
1753,,3551,5,104,5
1754,,3551,3,104,3
1755,,3551,2,104,2
1756,,25739,4,104,4
1757,,25739,1,104,1
1758,,25739,5,104,5
1759,,25739,3,104,3
1760,,25739,2,104,2
1761,,25810,4,104,4
1762,,25810,0,104,1
1763,,25810,5,104,5
1764,,25810,0,104,3
1765,,25810,0,104,2
1766,,25811,4,104,4
1767,,25811,0,104,1
1768,,25811,5,104,5
1769,,25811,3,104,3
1770,,25811,0,104,2
1771,,3402,3,105,4
1772,,3402,3,105,1
1773,,3402,3,105,5
1774,,3402,3,105,3
1775,,3402,3,105,2
1776,,3413,2,105,4
1777,,3413,2,105,1
1778,,3413,2,105,5
1779,,3413,2,105,3
1780,,3413,2,105,2
1781,,3426,2,105,4
1782,,3426,2,105,1
1783,,3426,2,105,5
1784,,3426,2,105,3
1785,,3426,2,105,2
1786,,3432,3,105,4
1787,,3432,3,105,1
1788,,3432,3,105,5
1789,,3432,3,105,3
1790,,3432,3,105,2
1791,,3551,3,105,4
1792,,3551,1,105,1
1793,,3551,3,105,5
1794,,3551,3,105,3
1795,,3551,2,105,2
1796,,13278,4,105,4
1797,,13278,1,105,1
1798,,13278,5,105,5
1799,,13278,3,105,3
1800,,13278,2,105,2
1801,,21718,4,105,4
1802,,21718,1,105,1
1803,,21718,5,105,5
1804,,21718,3,105,3
1805,,21718,2,105,2
1806,,3386,5,106,4
1807,,3386,1,106,1
1808,,3386,5,106,5
1809,,3386,4,106,3
1810,,3386,3,106,2
1811,,3402,4,106,4
1812,,3402,0,106,1
1813,,3402,4,106,5
1814,,3402,4,106,3
1815,,3402,0,106,2
1816,,3410,5,106,4
1817,,3410,0,106,1
1818,,3410,5,106,5
1819,,3410,1,106,3
1820,,3410,0,106,2
1821,,11395,4,106,4
1822,,11395,0,106,1
1823,,11395,5,106,5
1824,,11395,0,106,3
1825,,11395,0,106,2
1826,,16281,4,106,4
1827,,16281,0,106,1
1828,,16281,5,106,5
1829,,16281,1,106,3
1830,,16281,0,106,2
1831,,22578,4,106,4
1832,,22578,0,106,1
1833,,22578,5,106,5
1834,,22578,4,106,3
1835,,22578,3,106,2
1836,,25544,4,106,4
1837,,25544,0,106,1
1838,,25544,5,106,5
1839,,25544,1,106,3
1840,,25544,0,106,2
1841,,3392,3,107,4
1842,,3392,3,107,1
1843,,3392,3,107,5
1844,,3392,3,107,3
1845,,3392,3,107,2
1846,,3426,1,107,4
1847,,3426,1,107,1
1848,,3426,1,107,5
1849,,3426,1,107,3
1850,,3426,1,107,2
1851,,3551,3,107,4
1852,,3551,3,107,1
1853,,3551,3,107,5
1854,,3551,3,107,3
1855,,3551,3,107,2
1856,,25863,4,107,4
1857,,25863,1,107,1
1858,,25863,5,107,5
1859,,25863,3,107,3
1860,,25863,2,107,2
1861,,3392,3,108,4
1862,,3392,0,108,1
1863,,3392,3,108,5
1864,,3392,3,108,3
1865,,3392,0,108,2
1866,,3426,4,108,4
1867,,3426,4,108,1
1868,,3426,4,108,5
1869,,3426,4,108,3
1870,,3426,4,108,2
1871,,11579,4,108,4
1872,,11579,1,108,1
1873,,11579,5,108,5
1874,,11579,3,108,3
1875,,11579,2,108,2
1876,,3348,5,109,4
1877,,3348,5,109,1
1878,,3348,5,109,5
1879,,3348,5,109,3
1880,,3348,5,109,2
1881,,3354,4,109,4
1882,,3354,1,109,1
1883,,3354,5,109,5
1884,,3354,3,109,3
1885,,3354,2,109,2
1886,,11569,4,109,4
1887,,11569,1,109,1
1888,,11569,5,109,5
1889,,11569,3,109,3
1890,,11569,2,109,2
1891,,20494,5,109,4
1892,,20494,5,109,1
1893,,20494,5,109,5
1894,,20494,5,109,3
1895,,20494,5,109,2
1896,,3348,5,110,4
1897,,3348,5,110,1
1898,,3348,5,110,5
1899,,3348,5,110,3
1900,,3348,5,110,2
1901,,3354,4,110,4
1902,,3354,1,110,1
1903,,3354,5,110,5
1904,,3354,3,110,3
1905,,3354,2,110,2
1906,,22536,5,110,4
1907,,22536,5,110,1
1908,,22536,5,110,5
1909,,22536,5,110,3
1910,,22536,5,110,2
1911,,22552,4,110,4
1912,,22552,1,110,1
1913,,22552,5,110,5
1914,,22552,3,110,3
1915,,22552,2,110,2
1916,,3355,1,111,4
1917,,3355,1,111,1
1918,,3355,1,111,5
1919,,3355,1,111,3
1920,,3355,1,111,2
1921,,3443,5,111,4
1922,,3443,2,111,1
1923,,3443,5,111,5
1924,,3443,5,111,3
1925,,3443,4,111,2
1926,,3444,5,111,4
1927,,3444,1,111,1
1928,,3444,5,111,5
1929,,3444,5,111,3
1930,,3444,3,111,2
1931,,3446,4,111,4
1932,,3446,1,111,1
1933,,3446,5,111,5
1934,,3446,3,111,3
1935,,3446,2,111,2
1936,,3447,4,111,4
1937,,3447,0,111,1
1938,,3447,4,111,5
1939,,3447,1,111,3
1940,,3447,0,111,2
1941,,16594,4,111,4
1942,,16594,1,111,1
1943,,16594,5,111,5
1944,,16594,4,111,3
1945,,16594,3,111,2
1946,,16595,4,111,4
1947,,16595,0,111,1
1948,,16595,5,111,5
1949,,16595,3,111,3
1950,,16595,1,111,2
1951,,16596,5,111,4
1952,,16596,0,111,1
1953,,16596,5,111,5
1954,,16596,1,111,3
1955,,16596,0,111,2
1956,,16597,4,111,4
1957,,16597,0,111,1
1958,,16597,5,111,5
1959,,16597,3,111,3
1960,,16597,1,111,2
1961,,16598,5,111,4
1962,,16598,2,111,1
1963,,16598,5,111,5
1964,,16598,4,111,3
1965,,16598,3,111,2
1966,,16622,4,111,4
1967,,16622,0,111,1
1968,,16622,5,111,5
1969,,16622,4,111,3
1970,,16622,4,111,2
1971,,18580,4,111,4
1972,,18580,0,111,1
1973,,18580,5,111,5
1974,,18580,0,111,3
1975,,18580,0,111,2
1976,,25233,4,111,4
1977,,25233,0,111,1
1978,,25233,5,111,5
1979,,25233,0,111,3
1980,,25233,0,111,2
1981,,25235,4,111,4
1982,,25235,1,111,1
1983,,25235,5,111,5
1984,,25235,3,111,3
1985,,25235,2,111,2
1986,,3348,3,112,4
1987,,3348,0,112,1
1988,,3348,3,112,5
1989,,3348,3,112,3
1990,,3348,0,112,2
1991,,3355,5,112,4
1992,,3355,2,112,1
1993,,3355,5,112,5
1994,,3355,4,112,3
1995,,3355,3,112,2
1996,,3356,4,112,4
1997,,3356,1,112,1
1998,,3356,5,112,5
1999,,3356,3,112,3
2000,,3356,2,112,2
2001,,3357,4,112,4
2002,,3357,1,112,1
2003,,3357,5,112,5
2004,,3357,3,112,3
2005,,3357,2,112,2
2006,,3358,4,112,4
2007,,3358,0,112,1
2008,,3358,5,112,5
2009,,3358,1,112,3
2010,,3358,0,112,2
2011,,3359,4,112,4
2012,,3359,0,112,1
2013,,3359,5,112,5
2014,,3359,3,112,3
2015,,3359,1,112,2
2016,,3361,4,112,4
2017,,3361,0,112,1
2018,,3361,5,112,5
2019,,3361,3,112,3
2020,,3361,1,112,2
2021,,3380,3,112,4
2022,,3380,0,112,1
2023,,3380,3,112,5
2024,,3380,3,112,3
2025,,3380,0,112,2
2026,,3443,3,112,4
2027,,3443,0,112,1
2028,,3443,3,112,5
2029,,3443,3,112,3
2030,,3443,0,112,2
2031,,3893,4,112,4
2032,,3893,0,112,1
2033,,3893,5,112,5
2034,,3893,0,112,3
2035,,3893,0,112,2
2036,,3894,4,112,4
2037,,3894,0,112,1
2038,,3894,5,112,5
2039,,3894,0,112,3
2040,,3894,0,112,2
2041,,3895,4,112,4
2042,,3895,0,112,1
2043,,3895,5,112,5
2044,,3895,0,112,3
2045,,3895,0,112,2
2046,,3380,5,113,4
2047,,3380,3,113,1
2048,,3380,5,113,5
2049,,3380,4,113,3
2050,,3380,3,113,2
2051,,3388,4,113,4
2052,,3388,0,113,1
2053,,3388,5,113,5
2054,,3388,3,113,3
2055,,3388,1,113,2
2056,,3392,3,113,4
2057,,3392,0,113,1
2058,,3392,3,113,5
2059,,3392,3,113,3
2060,,3392,1,113,2
2061,,26252,3,113,4
2062,,26252,0,113,1
2063,,26252,4,113,5
2064,,26252,1,113,3
2065,,26252,0,113,2
2066,,26253,1,113,4
2067,,26253,0,113,1
2068,,26253,4,113,5
2069,,26253,0,113,3
2070,,26253,0,113,2
2071,,26254,1,113,4
2072,,26254,0,113,1
2073,,26254,4,113,5
2074,,26254,0,113,3
2075,,26254,0,113,2
2076,,26255,1,113,4
2077,,26255,0,113,1
2078,,26255,4,113,5
2079,,26255,0,113,3
2080,,26255,0,113,2
2081,,26256,1,113,4
2082,,26256,0,113,1
2083,,26256,4,113,5
2084,,26256,0,113,3
2085,,26256,0,113,2
2086,,26257,1,113,4
2087,,26257,0,113,1
2088,,26257,4,113,5
2089,,26257,0,113,3
2090,,26257,0,113,2
2091,,26258,1,113,4
2092,,26258,0,113,1
2093,,26258,4,113,5
2094,,26258,0,113,3
2095,,26258,0,113,2
2096,,26259,1,113,4
2097,,26259,0,113,1
2098,,26259,4,113,5
2099,,26259,0,113,3
2100,,26259,0,113,2
2101,,26260,1,113,4
2102,,26260,0,113,1
2103,,26260,4,113,5
2104,,26260,0,113,3
2105,,26260,0,113,2
2106,,26261,1,113,4
2107,,26261,0,113,1
2108,,26261,4,113,5
2109,,26261,0,113,3
2110,,26261,0,113,2
2111,,3380,1,114,4
2112,,3380,1,114,1
2113,,3380,1,114,5
2114,,3380,1,114,3
2115,,3380,1,114,2
2116,,3385,5,114,4
2117,,3385,4,114,1
2118,,3385,5,114,5
2119,,3385,5,114,3
2120,,3385,5,114,2
2121,,3389,5,114,4
2122,,3389,0,114,1
2123,,3389,5,114,5
2124,,3389,4,114,3
2125,,3389,0,114,2
2126,,3402,5,114,4
2127,,3402,3,114,1
2128,,3402,5,114,5
2129,,3402,4,114,3
2130,,3402,3,114,2
2131,,3409,5,114,4
2132,,3409,0,114,1
2133,,3409,5,114,5
2134,,3409,3,114,3
2135,,3409,0,114,2
2136,,3413,5,114,4
2137,,3413,3,114,1
2138,,3413,5,114,5
2139,,3413,4,114,3
2140,,3413,3,114,2
2141,,11443,4,114,4
2142,,11443,0,114,1
2143,,11443,4,114,5
2144,,11443,0,114,3
2145,,11443,0,114,2
2146,,12180,4,114,4
2147,,12180,0,114,1
2148,,12180,5,114,5
2149,,12180,0,114,3
2150,,12180,0,114,2
2151,,12181,4,114,4
2152,,12181,0,114,1
2153,,12181,5,114,5
2154,,12181,0,114,3
2155,,12181,0,114,2
2156,,12182,4,114,4
2157,,12182,0,114,1
2158,,12182,5,114,5
2159,,12182,0,114,3
2160,,12182,0,114,2
2161,,12183,4,114,4
2162,,12183,0,114,1
2163,,12183,5,114,5
2164,,12183,3,114,3
2165,,12183,0,114,2
2166,,12184,4,114,4
2167,,12184,0,114,1
2168,,12184,5,114,5
2169,,12184,3,114,3
2170,,12184,0,114,2
2171,,12185,4,114,4
2172,,12185,0,114,1
2173,,12185,5,114,5
2174,,12185,3,114,3
2175,,12185,0,114,2
2176,,12186,4,114,4
2177,,12186,0,114,1
2178,,12186,5,114,5
2179,,12186,3,114,3
2180,,12186,2,114,2
2181,,12187,4,114,4
2182,,12187,0,114,1
2183,,12187,5,114,5
2184,,12187,3,114,3
2185,,12187,2,114,2
2186,,12188,4,114,4
2187,,12188,0,114,1
2188,,12188,5,114,5
2189,,12188,3,114,3
2190,,12188,2,114,2
2191,,12189,4,114,4
2192,,12189,0,114,1
2193,,12189,5,114,5
2194,,12189,0,114,3
2195,,12189,0,114,2
2196,,12190,4,114,4
2197,,12190,0,114,1
2198,,12190,5,114,5
2199,,12190,3,114,3
2200,,12190,2,114,2
2201,,12191,4,114,4
2202,,12191,1,114,1
2203,,12191,5,114,5
2204,,12191,3,114,3
2205,,12191,2,114,2
2206,,12192,4,114,4
2207,,12192,1,114,1
2208,,12192,5,114,5
2209,,12192,3,114,3
2210,,12192,2,114,2
2211,,12193,4,114,4
2212,,12193,1,114,1
2213,,12193,5,114,5
2214,,12193,3,114,3
2215,,12193,2,114,2
2216,,12194,4,114,4
2217,,12194,0,114,1
2218,,12194,5,114,5
2219,,12194,3,114,3
2220,,12194,0,114,2
2221,,12195,4,114,4
2222,,12195,1,114,1
2223,,12195,5,114,5
2224,,12195,3,114,3
2225,,12195,2,114,2
2226,,12196,4,114,4
2227,,12196,0,114,1
2228,,12196,5,114,5
2229,,12196,0,114,3
2230,,12196,0,114,2
2231,,18025,4,114,4
2232,,18025,0,114,1
2233,,18025,5,114,5
2234,,18025,0,114,3
2235,,18025,0,114,2
2236,,3413,3,117,4
2237,,3413,1,117,1
2238,,3413,3,117,5
2239,,3413,3,117,3
2240,,3413,2,117,2
2241,,3416,4,117,4
2242,,3416,1,117,1
2243,,3416,5,117,5
2244,,3416,3,117,3
2245,,3416,2,117,2
2246,,3419,4,117,4
2247,,3419,0,117,1
2248,,3419,5,117,5
2249,,3419,3,117,3
2250,,3419,0,117,2
2251,,3392,4,118,4
2252,,3392,1,118,1
2253,,3392,5,118,5
2254,,3392,3,118,3
2255,,3392,2,118,2
2256,,3394,4,118,4
2257,,3394,1,118,1
2258,,3394,5,118,5
2259,,3394,3,118,3
2260,,3394,2,118,2
2261,,2403,4,119,4
2262,,2403,0,119,1
2263,,2403,5,119,5
2264,,2403,0,119,3
2265,,2403,0,119,2
2266,,2406,4,119,4
2267,,2406,0,119,1
2268,,2406,5,119,5
2269,,2406,3,119,3
2270,,2406,0,119,2
2271,,2495,4,119,4
2272,,2495,1,119,1
2273,,2495,5,119,5
2274,,2495,3,119,3
2275,,2495,2,119,2
2276,,2505,4,119,4
2277,,2505,1,119,1
2278,,2505,5,119,5
2279,,2505,3,119,3
2280,,2505,2,119,2
2281,,3402,4,119,4
2282,,3402,3,119,1
2283,,3402,4,119,5
2284,,3402,4,119,3
2285,,3402,4,119,2
2286,,13279,4,119,4
2287,,13279,1,119,1
2288,,13279,5,119,5
2289,,13279,3,119,3
2290,,13279,2,119,2
2291,,3426,4,120,4
2292,,3426,3,120,1
2293,,3426,4,120,5
2294,,3426,4,120,3
2295,,3426,3,120,2
2296,,3427,3,120,4
2297,,3427,1,120,1
2298,,3427,3,120,5
2299,,3427,3,120,3
2300,,3427,2,120,2
2301,,3433,4,120,4
2302,,3433,1,120,1
2303,,3433,5,120,5
2304,,3433,3,120,3
2305,,3433,2,120,2
2306,,19759,4,120,4
2307,,19759,0,120,1
2308,,19759,5,120,5
2309,,19759,3,120,3
2310,,19759,0,120,2
2311,,19760,4,120,4
2312,,19760,0,120,1
2313,,19760,5,120,5
2314,,19760,3,120,3
2315,,19760,1,120,2
2316,,3355,3,132,4
2317,,3355,3,132,1
2318,,3355,3,132,5
2319,,3355,3,132,3
2320,,3355,3,132,2
2321,,3363,5,132,4
2322,,3363,2,132,1
2323,,3363,5,132,5
2324,,3363,5,132,3
2325,,3363,4,132,2
2326,,3368,4,132,4
2327,,3368,1,132,1
2328,,3368,5,132,5
2329,,3368,4,132,3
2330,,3368,3,132,2
2331,,3373,5,132,4
2332,,3373,0,132,1
2333,,3373,5,132,5
2334,,3373,4,132,3
2335,,3373,0,132,2
2336,,3731,5,132,4
2337,,3731,0,132,1
2338,,3731,5,132,5
2339,,3731,4,132,3
2340,,3731,0,132,2
2341,,3732,5,132,4
2342,,3732,0,132,1
2343,,3732,5,132,5
2344,,3732,0,132,3
2345,,3732,0,132,2
2346,,11584,5,132,4
2347,,11584,3,132,1
2348,,11584,5,132,5
2349,,11584,5,132,3
2350,,11584,4,132,2
2351,,12241,4,132,4
2352,,12241,0,132,1
2353,,12241,5,132,5
2354,,12241,0,132,3
2355,,12241,0,132,2
2356,,3426,1,133,4
2357,,3426,0,133,1
2358,,3426,1,133,5
2359,,3426,1,133,3
2360,,3426,1,133,2
2361,,3427,4,133,4
2362,,3427,0,133,1
2363,,3427,4,133,5
2364,,3427,4,133,3
2365,,3427,4,133,2
2366,,3436,5,133,4
2367,,3436,4,133,1
2368,,3436,5,133,5
2369,,3436,5,133,3
2370,,3436,5,133,2
2371,,3437,5,133,4
2372,,3437,1,133,1
2373,,3437,5,133,5
2374,,3437,4,133,3
2375,,3437,3,133,2
2376,,3441,5,133,4
2377,,3441,0,133,1
2378,,3441,5,133,5
2379,,3441,4,133,3
2380,,3441,3,133,2
2381,,3442,4,133,4
2382,,3442,0,133,1
2383,,3442,5,133,5
2384,,3442,4,133,3
2385,,3442,3,133,2
2386,,12305,4,133,4
2387,,12305,1,133,1
2388,,12305,5,133,5
2389,,12305,4,133,3
2390,,12305,3,133,2
2391,,12484,1,133,4
2392,,12484,0,133,1
2393,,12484,5,133,5
2394,,12484,0,133,3
2395,,12484,0,133,2
2396,,12485,1,133,4
2397,,12485,0,133,1
2398,,12485,5,133,5
2399,,12485,0,133,3
2400,,12485,0,133,2
2401,,12486,1,133,4
2402,,12486,0,133,1
2403,,12486,5,133,5
2404,,12486,0,133,3
2405,,12486,0,133,2
2406,,12487,1,133,4
2407,,12487,0,133,1
2408,,12487,5,133,5
2409,,12487,0,133,3
2410,,12487,0,133,2
2411,,23566,4,133,4
2412,,23566,0,133,1
2413,,23566,5,133,5
2414,,23566,4,133,3
2415,,23566,3,133,2
2416,,23594,5,133,4
2417,,23594,0,133,1
2418,,23594,5,133,5
2419,,23594,1,133,3
2420,,23594,0,133,2
2421,,23606,4,133,4
2422,,23606,0,133,1
2423,,23606,5,133,5
2424,,23606,4,133,3
2425,,23606,3,133,2
2426,,23618,4,133,4
2427,,23618,1,133,1
2428,,23618,5,133,5
2429,,23618,4,133,3
2430,,23618,3,133,2
2431,,24241,5,133,4
2432,,24241,1,133,1
2433,,24241,5,133,5
2434,,24241,4,133,3
2435,,24241,3,133,2
2436,,33699,5,133,4
2437,,33699,1,133,1
2438,,33699,5,133,5
2439,,33699,4,133,3
2440,,33699,3,133,2
2441,,3327,4,138,4
2442,,3327,1,138,1
2443,,3327,5,138,5
2444,,3327,3,138,3
2445,,3327,2,138,2
2446,,3449,5,138,4
2447,,3449,1,138,1
2448,,3449,5,138,5
2449,,3449,4,138,3
2450,,3449,3,138,2
2451,,3450,4,138,4
2452,,3450,0,138,1
2453,,3450,5,138,5
2454,,3450,3,138,3
2455,,3450,1,138,2
2456,,3451,3,138,4
2457,,3451,0,138,1
2458,,3451,5,138,5
2459,,3451,1,138,3
2460,,3451,0,138,2
2461,,3452,4,138,4
2462,,3452,0,138,1
2463,,3452,5,138,5
2464,,3452,3,138,3
2465,,3452,1,138,2
2466,,3453,4,138,4
2467,,3453,0,138,1
2468,,3453,5,138,5
2469,,3453,3,138,3
2470,,3453,1,138,2
2471,,3454,3,138,4
2472,,3454,0,138,1
2473,,3454,5,138,5
2474,,3454,0,138,3
2475,,3454,0,138,2
2476,,3455,4,138,4
2477,,3455,0,138,1
2478,,3455,5,138,5
2479,,3455,3,138,3
2480,,3455,1,138,2
2481,,4385,3,138,4
2482,,4385,0,138,1
2483,,4385,5,138,5
2484,,4385,0,138,3
2485,,4385,0,138,2
2486,,3426,4,139,4
2487,,3426,1,139,1
2488,,3426,4,139,5
2489,,3426,4,139,3
2490,,3426,2,139,2
2491,,3428,4,139,4
2492,,3428,0,139,1
2493,,3428,5,139,5
2494,,3428,3,139,3
2495,,3428,1,139,2
2496,,3429,5,139,4
2497,,3429,1,139,1
2498,,3429,5,139,5
2499,,3429,4,139,3
2500,,3429,3,139,2
2501,,3431,4,139,4
2502,,3431,0,139,1
2503,,3431,5,139,5
2504,,3431,3,139,3
2505,,3431,1,139,2
2506,,33000,4,139,4
2507,,33000,0,139,1
2508,,33000,5,139,5
2509,,33000,3,139,3
2510,,33000,0,139,2
2511,,3426,4,140,4
2512,,3426,1,140,1
2513,,3426,4,140,5
2514,,3426,4,140,3
2515,,3426,2,140,2
2516,,3428,4,140,4
2517,,3428,0,140,1
2518,,3428,5,140,5
2519,,3428,3,140,3
2520,,3428,1,140,2
2521,,3429,5,140,4
2522,,3429,1,140,1
2523,,3429,5,140,5
2524,,3429,4,140,3
2525,,3429,3,140,2
2526,,3431,4,140,4
2527,,3431,0,140,1
2528,,3431,5,140,5
2529,,3431,3,140,3
2530,,3431,1,140,2
2531,,32999,4,140,4
2532,,32999,0,140,1
2533,,32999,5,140,5
2534,,32999,3,140,3
2535,,32999,0,140,2
2536,,3426,4,141,4
2537,,3426,1,141,1
2538,,3426,4,141,5
2539,,3426,4,141,3
2540,,3426,2,141,2
2541,,3428,4,141,4
2542,,3428,0,141,1
2543,,3428,5,141,5
2544,,3428,3,141,3
2545,,3428,1,141,2
2546,,3429,5,141,4
2547,,3429,1,141,1
2548,,3429,5,141,5
2549,,3429,4,141,3
2550,,3429,3,141,2
2551,,3431,4,141,4
2552,,3431,0,141,1
2553,,3431,5,141,5
2554,,3431,3,141,3
2555,,3431,1,141,2
2556,,33001,4,141,4
2557,,33001,0,141,1
2558,,33001,5,141,5
2559,,33001,3,141,3
2560,,33001,0,141,2
2561,,3426,1,142,4
2562,,3426,1,142,1
2563,,3426,1,142,5
2564,,3426,1,142,3
2565,,3426,1,142,2
2566,,3429,5,142,4
2567,,3429,5,142,1
2568,,3429,5,142,5
2569,,3429,5,142,3
2570,,3429,5,142,2
2571,,3430,4,142,4
2572,,3430,1,142,1
2573,,3430,5,142,5
2574,,3430,3,142,3
2575,,3430,2,142,2
2576,,3327,4,144,4
2577,,3327,1,144,1
2578,,3327,5,144,5
2579,,3327,3,144,3
2580,,3327,2,144,2
2581,,3449,5,144,4
2582,,3449,1,144,1
2583,,3449,5,144,5
2584,,3449,4,144,3
2585,,3449,3,144,2
2586,,3453,4,144,4
2587,,3453,0,144,1
2588,,3453,5,144,5
2589,,3453,3,144,3
2590,,3453,1,144,2
2591,,3455,4,144,4
2592,,3455,0,144,1
2593,,3455,5,144,5
2594,,3455,3,144,3
2595,,3455,1,144,2
2596,,3402,5,145,4
2597,,3402,5,145,1
2598,,3402,5,145,5
2599,,3402,5,145,3
2600,,3402,5,145,2
2601,,3449,5,145,4
2602,,3449,5,145,1
2603,,3449,5,145,5
2604,,3449,5,145,3
2605,,3449,5,145,2
2606,,3455,5,145,4
2607,,3455,5,145,1
2608,,3455,5,145,5
2609,,3455,5,145,3
2610,,3455,5,145,2
2611,,3456,5,145,4
2612,,3456,1,145,1
2613,,3456,5,145,5
2614,,3456,5,145,3
2615,,3456,3,145,2
2616,,21610,4,145,4
2617,,21610,0,145,1
2618,,21610,5,145,5
2619,,21610,4,145,3
2620,,21610,3,145,2
2621,,21611,4,145,4
2622,,21611,0,145,1
2623,,21611,5,145,5
2624,,21611,1,145,3
2625,,21611,0,145,2
2626,,3426,4,146,4
2627,,3426,1,146,1
2628,,3426,4,146,5
2629,,3426,4,146,3
2630,,3426,2,146,2
2631,,3428,4,146,4
2632,,3428,0,146,1
2633,,3428,5,146,5
2634,,3428,3,146,3
2635,,3428,1,146,2
2636,,3429,5,146,4
2637,,3429,1,146,1
2638,,3429,5,146,5
2639,,3429,4,146,3
2640,,3429,3,146,2
2641,,3431,4,146,4
2642,,3431,0,146,1
2643,,3431,5,146,5
2644,,3431,3,146,3
2645,,3431,1,146,2
2646,,3300,2,147,4
2647,,3300,2,147,1
2648,,3300,2,147,5
2649,,3300,2,147,3
2650,,3300,2,147,2
2651,,3318,5,147,4
2652,,3318,5,147,1
2653,,3318,5,147,5
2654,,3318,5,147,3
2655,,3318,5,147,2
2656,,11207,5,147,4
2657,,11207,5,147,1
2658,,11207,5,147,5
2659,,11207,5,147,3
2660,,11207,5,147,2
2661,,22043,4,147,4
2662,,22043,1,147,1
2663,,22043,5,147,5
2664,,22043,3,147,3
2665,,22043,2,147,2
2666,,3327,3,148,4
2667,,3327,3,148,1
2668,,3327,3,148,5
2669,,3327,3,148,3
2670,,3327,3,148,2
2671,,3426,2,148,4
2672,,3426,2,148,1
2673,,3426,2,148,5
2674,,3426,2,148,3
2675,,3426,2,148,2
2676,,3428,5,148,4
2677,,3428,5,148,1
2678,,3428,5,148,5
2679,,3428,5,148,3
2680,,3428,5,148,2
2681,,3431,5,148,4
2682,,3431,5,148,1
2683,,3431,5,148,5
2684,,3431,5,148,3
2685,,3431,5,148,2
2686,,12096,5,148,4
2687,,12096,5,148,1
2688,,12096,5,148,5
2689,,12096,5,148,3
2690,,12096,5,148,2
2691,,27906,4,148,4
2692,,27906,1,148,1
2693,,27906,5,148,5
2694,,27906,3,148,3
2695,,27906,2,148,2
2696,,3380,3,149,4
2697,,3380,3,149,1
2698,,3380,3,149,5
2699,,3380,3,149,3
2700,,3380,3,149,2
2701,,3387,5,149,4
2702,,3387,5,149,1
2703,,3387,5,149,5
2704,,3387,5,149,3
2705,,3387,5,149,2
2706,,24625,4,149,4
2707,,24625,4,149,1
2708,,24625,4,149,5
2709,,24625,4,149,3
2710,,24625,4,149,2
2711,,28585,4,149,4
2712,,28585,1,149,1
2713,,28585,5,149,5
2714,,28585,3,149,3
2715,,28585,2,149,2
2716,,3300,2,150,4
2717,,3300,2,150,1
2718,,3300,2,150,5
2719,,3300,2,150,3
2720,,3300,2,150,2
2721,,3318,5,150,4
2722,,3318,1,150,1
2723,,3318,5,150,5
2724,,3318,5,150,3
2725,,3318,3,150,2
2726,,11207,4,150,4
2727,,11207,0,150,1
2728,,11207,5,150,5
2729,,11207,1,150,3
2730,,11207,0,150,2
2731,,3327,5,151,4
2732,,3327,5,151,1
2733,,3327,5,151,5
2734,,3327,5,151,3
2735,,3327,5,151,2
2736,,3449,5,151,4
2737,,3449,3,151,1
2738,,3449,5,151,5
2739,,3449,5,151,3
2740,,3449,4,151,2
2741,,3453,4,151,4
2742,,3453,0,151,1
2743,,3453,5,151,5
2744,,3453,3,151,3
2745,,3453,1,151,2
2746,,3455,5,151,4
2747,,3455,1,151,1
2748,,3455,5,151,5
2749,,3455,4,151,3
2750,,3455,3,151,2
2751,,20342,4,151,4
2752,,20342,1,151,1
2753,,20342,5,151,5
2754,,20342,3,151,3
2755,,20342,2,151,2
2756,,3348,5,152,4
2757,,3348,5,152,1
2758,,3348,5,152,5
2759,,3348,5,152,3
2760,,3348,5,152,2
2761,,3352,4,152,4
2762,,3352,1,152,1
2763,,3352,5,152,5
2764,,3352,3,152,3
2765,,3352,2,152,2
2766,,3354,4,152,4
2767,,3354,1,152,1
2768,,3354,5,152,5
2769,,3354,3,152,3
2770,,3354,2,152,2
2771,,20495,5,152,4
2772,,20495,5,152,1
2773,,20495,5,152,5
2774,,20495,5,152,3
2775,,20495,5,152,2
2776,,3348,5,153,4
2777,,3348,5,153,1
2778,,3348,5,153,5
2779,,3348,5,153,3
2780,,3348,5,153,2
2781,,3349,5,153,4
2782,,3349,5,153,1
2783,,3349,5,153,5
2784,,3349,5,153,3
2785,,3349,5,153,2
2786,,3354,4,153,4
2787,,3354,1,153,1
2788,,3354,5,153,5
2789,,3354,3,153,3
2790,,3354,2,153,2
2791,,11572,4,153,4
2792,,11572,1,153,1
2793,,11572,5,153,5
2794,,11572,3,153,3
2795,,11572,2,153,2
2796,,3348,5,154,4
2797,,3348,5,154,1
2798,,3348,5,154,5
2799,,3348,5,154,3
2800,,3348,5,154,2
2801,,3350,5,154,4
2802,,3350,5,154,1
2803,,3350,5,154,5
2804,,3350,5,154,3
2805,,3350,5,154,2
2806,,3351,4,154,4
2807,,3351,1,154,1
2808,,3351,5,154,5
2809,,3351,3,154,3
2810,,3351,2,154,2
2811,,3354,4,154,4
2812,,3354,1,154,1
2813,,3354,5,154,5
2814,,3354,3,154,3
2815,,3354,2,154,2
2816,,3426,1,164,4
2817,,3426,0,164,1
2818,,3426,1,164,5
2819,,3426,1,164,3
2820,,3426,1,164,2
2821,,3427,4,164,4
2822,,3427,0,164,1
2823,,3427,4,164,5
2824,,3427,4,164,3
2825,,3427,4,164,2
2826,,3436,5,164,4
2827,,3436,4,164,1
2828,,3436,5,164,5
2829,,3436,5,164,3
2830,,3436,5,164,2
2831,,3437,5,164,4
2832,,3437,1,164,1
2833,,3437,5,164,5
2834,,3437,4,164,3
2835,,3437,3,164,2
2836,,3442,4,164,4
2837,,3442,0,164,1
2838,,3442,5,164,5
2839,,3442,4,164,3
2840,,3442,3,164,2
2841,,12305,4,164,4
2842,,12305,1,164,1
2843,,12305,5,164,5
2844,,12305,4,164,3
2845,,12305,3,164,2
2846,,12484,1,164,4
2847,,12484,0,164,1
2848,,12484,5,164,5
2849,,12484,0,164,3
2850,,12484,0,164,2
2851,,12485,1,164,4
2852,,12485,0,164,1
2853,,12485,5,164,5
2854,,12485,0,164,3
2855,,12485,0,164,2
2856,,12486,1,164,4
2857,,12486,0,164,1
2858,,12486,5,164,5
2859,,12486,0,164,3
2860,,12486,0,164,2
2861,,12487,1,164,4
2862,,12487,0,164,1
2863,,12487,5,164,5
2864,,12487,0,164,3
2865,,12487,0,164,2
2866,,23566,4,164,4
2867,,23566,0,164,1
2868,,23566,5,164,5
2869,,23566,4,164,3
2870,,23566,3,164,2
2871,,23606,4,164,4
2872,,23606,0,164,1
2873,,23606,5,164,5
2874,,23606,4,164,3
2875,,23606,3,164,2
2876,,23618,4,164,4
2877,,23618,1,164,1
2878,,23618,5,164,5
2879,,23618,4,164,3
2880,,23618,3,164,2
2881,,24241,5,164,4
2882,,24241,1,164,1
2883,,24241,5,164,5
2884,,24241,4,164,3
2885,,24241,3,164,2
2886,,3426,1,165,4
2887,,3426,0,165,1
2888,,3426,1,165,5
2889,,3426,1,165,3
2890,,3426,1,165,2
2891,,3427,4,165,4
2892,,3427,0,165,1
2893,,3427,4,165,5
2894,,3427,4,165,3
2895,,3427,4,165,2
2896,,3436,5,165,4
2897,,3436,4,165,1
2898,,3436,5,165,5
2899,,3436,5,165,3
2900,,3436,5,165,2
2901,,3437,5,165,4
2902,,3437,1,165,1
2903,,3437,5,165,5
2904,,3437,4,165,3
2905,,3437,3,165,2
2906,,3442,4,165,4
2907,,3442,0,165,1
2908,,3442,5,165,5
2909,,3442,4,165,3
2910,,3442,3,165,2
2911,,12305,4,165,4
2912,,12305,1,165,1
2913,,12305,5,165,5
2914,,12305,4,165,3
2915,,12305,3,165,2
2916,,12484,1,165,4
2917,,12484,0,165,1
2918,,12484,5,165,5
2919,,12484,0,165,3
2920,,12484,0,165,2
2921,,12485,1,165,4
2922,,12485,0,165,1
2923,,12485,5,165,5
2924,,12485,0,165,3
2925,,12485,0,165,2
2926,,12486,1,165,4
2927,,12486,0,165,1
2928,,12486,5,165,5
2929,,12486,0,165,3
2930,,12486,0,165,2
2931,,12487,1,165,4
2932,,12487,0,165,1
2933,,12487,5,165,5
2934,,12487,0,165,3
2935,,12487,0,165,2
2936,,23566,4,165,4
2937,,23566,0,165,1
2938,,23566,5,165,5
2939,,23566,4,165,3
2940,,23566,3,165,2
2941,,23606,4,165,4
2942,,23606,0,165,1
2943,,23606,5,165,5
2944,,23606,4,165,3
2945,,23606,3,165,2
2946,,23618,4,165,4
2947,,23618,1,165,1
2948,,23618,5,165,5
2949,,23618,4,165,3
2950,,23618,3,165,2
2951,,24241,5,165,4
2952,,24241,1,165,1
2953,,24241,5,165,5
2954,,24241,4,165,3
2955,,24241,3,165,2
2956,,33699,5,165,4
2957,,33699,1,165,1
2958,,33699,5,165,5
2959,,33699,4,165,3
2960,,33699,3,165,2
2961,,3380,5,167,4
2962,,3380,5,167,1
2963,,3380,5,167,5
2964,,3380,5,167,3
2965,,3380,5,167,2
2966,,3388,5,167,4
2967,,3388,5,167,1
2968,,3388,5,167,5
2969,,3388,5,167,3
2970,,3388,5,167,2
2971,,3392,5,167,4
2972,,3392,5,167,1
2973,,3392,5,167,5
2974,,3392,5,167,3
2975,,3392,5,167,2
2976,,22242,4,167,4
2977,,22242,1,167,1
2978,,22242,5,167,5
2979,,22242,3,167,3
2980,,22242,2,167,2
2981,,3380,3,168,4
2982,,3380,3,168,1
2983,,3380,3,168,5
2984,,3380,3,168,3
2985,,3380,3,168,2
2986,,3387,5,168,4
2987,,3387,1,168,1
2988,,3387,5,168,5
2989,,3387,4,168,3
2990,,3387,3,168,2
2991,,24268,4,168,4
2992,,24268,0,168,1
2993,,24268,5,168,5
2994,,24268,1,168,3
2995,,24268,0,168,2
2996,,24625,1,168,4
2997,,24625,0,168,1
2998,,24625,5,168,5
2999,,24625,0,168,3
3000,,24625,0,168,2
3001,,3392,5,169,4
3002,,3392,5,169,1
3003,,3392,5,169,5
3004,,3392,5,169,3
3005,,3392,5,169,2
3006,,3402,5,169,4
3007,,3402,5,169,1
3008,,3402,5,169,5
3009,,3402,5,169,3
3010,,3402,5,169,2
3011,,11444,4,169,4
3012,,11444,1,169,1
3013,,11444,5,169,5
3014,,11444,3,169,3
3015,,11444,2,169,2
3016,,3392,5,170,4
3017,,3392,5,170,1
3018,,3392,5,170,5
3019,,3392,5,170,3
3020,,3392,5,170,2
3021,,3402,5,170,4
3022,,3402,5,170,1
3023,,3402,5,170,5
3024,,3402,5,170,3
3025,,3402,5,170,2
3026,,11454,4,170,4
3027,,11454,1,170,1
3028,,11454,5,170,5
3029,,11454,3,170,3
3030,,11454,2,170,2
3031,,3392,5,171,4
3032,,3392,5,171,1
3033,,3392,5,171,5
3034,,3392,5,171,3
3035,,3392,5,171,2
3036,,3402,5,171,4
3037,,3402,5,171,1
3038,,3402,5,171,5
3039,,3402,5,171,3
3040,,3402,5,171,2
3041,,11450,4,171,4
3042,,11450,1,171,1
3043,,11450,5,171,5
3044,,11450,3,171,3
3045,,11450,2,171,2
3046,,3392,5,172,4
3047,,3392,5,172,1
3048,,3392,5,172,5
3049,,3392,5,172,3
3050,,3392,5,172,2
3051,,3402,5,172,4
3052,,3402,5,172,1
3053,,3402,5,172,5
3054,,3402,5,172,3
3055,,3402,5,172,2
3056,,11445,4,172,4
3057,,11445,1,172,1
3058,,11445,5,172,5
3059,,11445,3,172,3
3060,,11445,2,172,2
3061,,3380,2,173,4
3062,,3380,2,173,1
3063,,3380,2,173,5
3064,,3380,2,173,3
3065,,3380,2,173,2
3066,,3392,1,173,4
3067,,3392,1,173,1
3068,,3392,1,173,5
3069,,3392,1,173,3
3070,,3392,1,173,2
3071,,3395,4,173,4
3072,,3395,1,173,1
3073,,3395,5,173,5
3074,,3395,3,173,3
3075,,3395,2,173,2
3076,,3380,2,174,4
3077,,3380,2,174,1
3078,,3380,2,174,5
3079,,3380,2,174,3
3080,,3380,2,174,2
3081,,3392,1,174,4
3082,,3392,1,174,1
3083,,3392,1,174,5
3084,,3392,1,174,3
3085,,3392,1,174,2
3086,,3395,4,174,4
3087,,3395,4,174,1
3088,,3395,4,174,5
3089,,3395,4,174,3
3090,,3395,4,174,2
3091,,3397,4,174,4
3092,,3397,1,174,1
3093,,3397,5,174,5
3094,,3397,3,174,3
3095,,3397,2,174,2
3096,,3380,2,175,4
3097,,3380,2,175,1
3098,,3380,2,175,5
3099,,3380,2,175,3
3100,,3380,2,175,2
3101,,3392,3,175,4
3102,,3392,3,175,1
3103,,3392,3,175,5
3104,,3392,3,175,3
3105,,3392,3,175,2
3106,,3395,4,175,4
3107,,3395,4,175,1
3108,,3395,4,175,5
3109,,3395,4,175,3
3110,,3395,4,175,2
3111,,3397,4,175,4
3112,,3397,4,175,1
3113,,3397,4,175,5
3114,,3397,4,175,3
3115,,3397,4,175,2
3116,,3398,4,175,4
3117,,3398,1,175,1
3118,,3398,5,175,5
3119,,3398,3,175,3
3120,,3398,2,175,2
3121,,3380,3,176,4
3122,,3380,3,176,1
3123,,3380,3,176,5
3124,,3380,3,176,3
3125,,3380,3,176,2
3126,,3392,2,176,4
3127,,3392,2,176,1
3128,,3392,2,176,5
3129,,3392,2,176,3
3130,,3392,2,176,2
3131,,3396,4,176,4
3132,,3396,1,176,1
3133,,3396,5,176,5
3134,,3396,3,176,3
3135,,3396,2,176,2
3136,,3402,5,177,4
3137,,3402,5,177,1
3138,,3402,5,177,5
3139,,3402,5,177,3
3140,,3402,5,177,2
3141,,3413,5,177,4
3142,,3413,5,177,1
3143,,3413,5,177,5
3144,,3413,5,177,3
3145,,3413,5,177,2
3146,,11433,4,177,4
3147,,11433,1,177,1
3148,,11433,5,177,5
3149,,11433,3,177,3
3150,,11433,2,177,2
3151,,11447,4,177,4
3152,,11447,1,177,1
3153,,11447,5,177,5
3154,,11447,3,177,3
3155,,11447,2,177,2
3156,,3402,5,178,4
3157,,3402,5,178,1
3158,,3402,5,178,5
3159,,3402,5,178,3
3160,,3402,5,178,2
3161,,3413,5,178,4
3162,,3413,5,178,1
3163,,3413,5,178,5
3164,,3413,5,178,3
3165,,3413,5,178,2
3166,,11441,4,178,4
3167,,11441,1,178,1
3168,,11441,5,178,5
3169,,11441,3,178,3
3170,,11441,2,178,2
3171,,11455,4,178,4
3172,,11455,1,178,1
3173,,11455,5,178,5
3174,,11455,3,178,3
3175,,11455,2,178,2
3176,,3392,5,179,4
3177,,3392,5,179,1
3178,,3392,5,179,5
3179,,3392,5,179,3
3180,,3392,5,179,2
3181,,3402,5,179,4
3182,,3402,5,179,1
3183,,3402,5,179,5
3184,,3402,5,179,3
3185,,3402,5,179,2
3186,,3413,5,179,4
3187,,3413,5,179,1
3188,,3413,5,179,5
3189,,3413,5,179,3
3190,,3413,5,179,2
3191,,11451,4,179,4
3192,,11451,1,179,1
3193,,11451,5,179,5
3194,,11451,3,179,3
3195,,11451,2,179,2
3196,,11452,4,179,4
3197,,11452,1,179,1
3198,,11452,5,179,5
3199,,11452,3,179,3
3200,,11452,2,179,2
3201,,3402,5,180,4
3202,,3402,5,180,1
3203,,3402,5,180,5
3204,,3402,5,180,3
3205,,3402,5,180,2
3206,,3413,5,180,4
3207,,3413,5,180,1
3208,,3413,5,180,5
3209,,3413,5,180,3
3210,,3413,5,180,2
3211,,3426,5,180,4
3212,,3426,5,180,1
3213,,3426,5,180,5
3214,,3426,5,180,3
3215,,3426,5,180,2
3216,,11442,4,180,4
3217,,11442,1,180,1
3218,,11442,5,180,5
3219,,11442,3,180,3
3220,,11442,2,180,2
3221,,11443,4,180,4
3222,,11443,1,180,1
3223,,11443,5,180,5
3224,,11443,3,180,3
3225,,11443,2,180,2
3226,,3402,5,181,4
3227,,3402,5,181,1
3228,,3402,5,181,5
3229,,3402,5,181,3
3230,,3402,5,181,2
3231,,3413,5,181,4
3232,,3413,5,181,1
3233,,3413,5,181,5
3234,,3413,5,181,3
3235,,3413,5,181,2
3236,,11433,4,181,4
3237,,11433,1,181,1
3238,,11433,5,181,5
3239,,11433,3,181,3
3240,,11433,2,181,2
3241,,11455,4,181,4
3242,,11455,1,181,1
3243,,11455,5,181,5
3244,,11455,3,181,3
3245,,11455,2,181,2
3246,,3392,5,182,4
3247,,3392,5,182,1
3248,,3392,5,182,5
3249,,3392,5,182,3
3250,,3392,5,182,2
3251,,3402,5,182,4
3252,,3402,5,182,1
3253,,3402,5,182,5
3254,,3402,5,182,3
3255,,3402,5,182,2
3256,,3426,5,182,4
3257,,3426,5,182,1
3258,,3426,5,182,5
3259,,3426,5,182,3
3260,,3426,5,182,2
3261,,11452,4,182,4
3262,,11452,1,182,1
3263,,11452,5,182,5
3264,,11452,3,182,3
3265,,11452,2,182,2
3266,,11453,4,182,4
3267,,11453,1,182,1
3268,,11453,5,182,5
3269,,11453,3,182,3
3270,,11453,2,182,2
3271,,3402,5,183,4
3272,,3402,5,183,1
3273,,3402,5,183,5
3274,,3402,5,183,3
3275,,3402,5,183,2
3276,,3413,5,183,4
3277,,3413,5,183,1
3278,,3413,5,183,5
3279,,3413,5,183,3
3280,,3413,5,183,2
3281,,11446,4,183,4
3282,,11446,1,183,1
3283,,11446,5,183,5
3284,,11446,3,183,3
3285,,11446,2,183,2
3286,,11455,4,183,4
3287,,11455,1,183,1
3288,,11455,5,183,5
3289,,11455,3,183,3
3290,,11455,2,183,2
3291,,3392,5,184,4
3292,,3392,5,184,1
3293,,3392,5,184,5
3294,,3392,5,184,3
3295,,3392,5,184,2
3296,,3402,5,184,4
3297,,3402,5,184,1
3298,,3402,5,184,5
3299,,3402,5,184,3
3300,,3402,5,184,2
3301,,3426,5,184,4
3302,,3426,5,184,1
3303,,3426,5,184,5
3304,,3426,5,184,3
3305,,3426,5,184,2
3306,,11442,4,184,4
3307,,11442,1,184,1
3308,,11442,5,184,5
3309,,11442,3,184,3
3310,,11442,2,184,2
3311,,11529,4,184,4
3312,,11529,1,184,1
3313,,11529,5,184,5
3314,,11529,3,184,3
3315,,11529,2,184,2
3316,,3402,5,185,4
3317,,3402,5,185,1
3318,,3402,5,185,5
3319,,3402,5,185,3
3320,,3402,5,185,2
3321,,3426,5,185,4
3322,,3426,5,185,1
3323,,3426,5,185,5
3324,,3426,5,185,3
3325,,3426,5,185,2
3326,,11448,4,185,4
3327,,11448,1,185,1
3328,,11448,5,185,5
3329,,11448,3,185,3
3330,,11448,2,185,2
3331,,11453,4,185,4
3332,,11453,1,185,1
3333,,11453,5,185,5
3334,,11453,3,185,3
3335,,11453,2,185,2
3336,,3392,5,186,4
3337,,3392,5,186,1
3338,,3392,5,186,5
3339,,3392,5,186,3
3340,,3392,5,186,2
3341,,3402,5,186,4
3342,,3402,5,186,1
3343,,3402,5,186,5
3344,,3402,5,186,3
3345,,3402,5,186,2
3346,,3413,5,186,4
3347,,3413,5,186,1
3348,,3413,5,186,5
3349,,3413,5,186,3
3350,,3413,5,186,2
3351,,11447,4,186,4
3352,,11447,1,186,1
3353,,11447,5,186,5
3354,,11447,3,186,3
3355,,11447,2,186,2
3356,,11452,4,186,4
3357,,11452,1,186,1
3358,,11452,5,186,5
3359,,11452,3,186,3
3360,,11452,2,186,2
3361,,3392,5,187,4
3362,,3392,5,187,1
3363,,3392,5,187,5
3364,,3392,5,187,3
3365,,3392,5,187,2
3366,,3402,5,187,4
3367,,3402,5,187,1
3368,,3402,5,187,5
3369,,3402,5,187,3
3370,,3402,5,187,2
3371,,11449,4,187,4
3372,,11449,1,187,1
3373,,11449,5,187,5
3374,,11449,3,187,3
3375,,11449,2,187,2
3376,,11529,4,187,4
3377,,11529,1,187,1
3378,,11529,5,187,5
3379,,11529,3,187,3
3380,,11529,2,187,2
3381,,3402,5,188,4
3382,,3402,5,188,1
3383,,3402,5,188,5
3384,,3402,5,188,3
3385,,3402,5,188,2
3386,,3413,5,188,4
3387,,3413,5,188,1
3388,,3413,5,188,5
3389,,3413,5,188,3
3390,,3413,5,188,2
3391,,11443,4,188,4
3392,,11443,1,188,1
3393,,11443,5,188,5
3394,,11443,3,188,3
3395,,11443,2,188,2
3396,,11455,4,188,4
3397,,11455,1,188,1
3398,,11455,5,188,5
3399,,11455,3,188,3
3400,,11455,2,188,2
3401,,3402,5,189,4
3402,,3402,5,189,1
3403,,3402,5,189,5
3404,,3402,5,189,3
3405,,3402,5,189,2
3406,,3413,5,189,4
3407,,3413,5,189,1
3408,,3413,5,189,5
3409,,3413,5,189,3
3410,,3413,5,189,2
3411,,3426,5,189,4
3412,,3426,5,189,1
3413,,3426,5,189,5
3414,,3426,5,189,3
3415,,3426,5,189,2
3416,,11446,4,189,4
3417,,11446,1,189,1
3418,,11446,5,189,5
3419,,11446,3,189,3
3420,,11446,2,189,2
3421,,11453,4,189,4
3422,,11453,1,189,1
3423,,11453,5,189,5
3424,,11453,3,189,3
3425,,11453,2,189,2
3426,,3392,5,190,4
3427,,3392,5,190,1
3428,,3392,5,190,5
3429,,3392,5,190,3
3430,,3392,5,190,2
3431,,3402,5,190,4
3432,,3402,5,190,1
3433,,3402,5,190,5
3434,,3402,5,190,3
3435,,3402,5,190,2
3436,,3413,5,190,4
3437,,3413,5,190,1
3438,,3413,5,190,5
3439,,3413,5,190,3
3440,,3413,5,190,2
3441,,11451,4,190,4
3442,,11451,1,190,1
3443,,11451,5,190,5
3444,,11451,3,190,3
3445,,11451,2,190,2
3446,,11529,4,190,4
3447,,11529,1,190,1
3448,,11529,5,190,5
3449,,11529,3,190,3
3450,,11529,2,190,2
3451,,3402,5,191,4
3452,,3402,5,191,1
3453,,3402,5,191,5
3454,,3402,5,191,3
3455,,3402,5,191,2
3456,,3413,5,191,4
3457,,3413,5,191,1
3458,,3413,5,191,5
3459,,3413,5,191,3
3460,,3413,5,191,2
3461,,3426,5,191,4
3462,,3426,5,191,1
3463,,3426,5,191,5
3464,,3426,5,191,3
3465,,3426,5,191,2
3466,,11446,4,191,4
3467,,11446,1,191,1
3468,,11446,5,191,5
3469,,11446,3,191,3
3470,,11446,2,191,2
3471,,11448,4,191,4
3472,,11448,1,191,1
3473,,11448,5,191,5
3474,,11448,3,191,3
3475,,11448,2,191,2
3476,,3392,5,192,4
3477,,3392,5,192,1
3478,,3392,5,192,5
3479,,3392,5,192,3
3480,,3392,5,192,2
3481,,3402,5,192,4
3482,,3402,5,192,1
3483,,3402,5,192,5
3484,,3402,5,192,3
3485,,3402,5,192,2
3486,,3413,5,192,4
3487,,3413,5,192,1
3488,,3413,5,192,5
3489,,3413,5,192,3
3490,,3413,5,192,2
3491,,11449,4,192,4
3492,,11449,1,192,1
3493,,11449,5,192,5
3494,,11449,3,192,3
3495,,11449,2,192,2
3496,,11451,4,192,4
3497,,11451,1,192,1
3498,,11451,5,192,5
3499,,11451,3,192,3
3500,,11451,2,192,2
3501,,3392,5,193,4
3502,,3392,5,193,1
3503,,3392,5,193,5
3504,,3392,5,193,3
3505,,3392,5,193,2
3506,,3402,5,193,4
3507,,3402,5,193,1
3508,,3402,5,193,5
3509,,3402,5,193,3
3510,,3402,5,193,2
3511,,3413,5,193,4
3512,,3413,5,193,1
3513,,3413,5,193,5
3514,,3413,5,193,3
3515,,3413,5,193,2
3516,,11441,1,193,4
3517,,11441,1,193,1
3518,,11441,1,193,5
3519,,11441,1,193,3
3520,,11441,1,193,2
3521,,11449,4,193,4
3522,,11449,1,193,1
3523,,11449,5,193,5
3524,,11449,3,193,3
3525,,11449,2,193,2
3526,,3402,4,194,4
3527,,3402,4,194,1
3528,,3402,4,194,5
3529,,3402,4,194,3
3530,,3402,4,194,2
3531,,3409,4,194,4
3532,,3409,1,194,1
3533,,3409,5,194,5
3534,,3409,3,194,3
3535,,3409,2,194,2
3536,,3402,3,195,4
3537,,3402,3,195,1
3538,,3402,3,195,5
3539,,3402,3,195,3
3540,,3402,3,195,2
3541,,3403,4,195,4
3542,,3403,1,195,1
3543,,3403,5,195,5
3544,,3403,3,195,3
3545,,3403,2,195,2
3546,,3402,4,196,4
3547,,3402,1,196,1
3548,,3402,5,196,5
3549,,3402,3,196,3
3550,,3402,2,196,2
3551,,3402,3,197,4
3552,,3402,3,197,1
3553,,3402,3,197,5
3554,,3402,3,197,3
3555,,3402,3,197,2
3556,,3406,5,197,4
3557,,3406,1,197,1
3558,,3406,5,197,5
3559,,3406,4,197,3
3560,,3406,3,197,2
3561,,24270,4,197,4
3562,,24270,0,197,1
3563,,24270,5,197,5
3564,,24270,1,197,3
3565,,24270,0,197,2
3566,,24624,1,197,4
3567,,24624,0,197,1
3568,,24624,5,197,5
3569,,24624,0,197,3
3570,,24624,0,197,2
3571,,3402,3,198,4
3572,,3402,3,198,1
3573,,3402,3,198,5
3574,,3402,3,198,3
3575,,3402,3,198,2
3576,,3413,2,198,4
3577,,3413,2,198,1
3578,,3413,2,198,5
3579,,3413,2,198,3
3580,,3413,2,198,2
3581,,3426,2,198,4
3582,,3426,2,198,1
3583,,3426,2,198,5
3584,,3426,2,198,3
3585,,3426,2,198,2
3586,,3432,3,198,4
3587,,3432,3,198,1
3588,,3432,3,198,5
3589,,3432,3,198,3
3590,,3432,3,198,2
3591,,21718,2,198,4
3592,,21718,2,198,1
3593,,21718,2,198,5
3594,,21718,2,198,3
3595,,21718,2,198,2
3596,,23087,4,198,4
3597,,23087,1,198,1
3598,,23087,5,198,5
3599,,23087,3,198,3
3600,,23087,2,198,2
3601,,3402,3,199,4
3602,,3402,3,199,1
3603,,3402,3,199,5
3604,,3402,3,199,3
3605,,3402,3,199,2
3606,,3413,2,199,4
3607,,3413,2,199,1
3608,,3413,2,199,5
3609,,3413,2,199,3
3610,,3413,2,199,2
3611,,3426,2,199,4
3612,,3426,2,199,1
3613,,3426,2,199,5
3614,,3426,2,199,3
3615,,3426,2,199,2
3616,,3432,3,199,4
3617,,3432,3,199,1
3618,,3432,3,199,5
3619,,3432,3,199,3
3620,,3432,3,199,2
3621,,21718,2,199,4
3622,,21718,2,199,1
3623,,21718,2,199,5
3624,,21718,2,199,3
3625,,21718,2,199,2
3626,,21790,4,199,4
3627,,21790,1,199,1
3628,,21790,5,199,5
3629,,21790,3,199,3
3630,,21790,2,199,2
3631,,3402,3,200,4
3632,,3402,3,200,1
3633,,3402,3,200,5
3634,,3402,3,200,3
3635,,3402,3,200,2
3636,,3413,2,200,4
3637,,3413,2,200,1
3638,,3413,2,200,5
3639,,3413,2,200,3
3640,,3413,2,200,2
3641,,3426,2,200,4
3642,,3426,2,200,1
3643,,3426,2,200,5
3644,,3426,2,200,3
3645,,3426,2,200,2
3646,,3432,3,200,4
3647,,3432,3,200,1
3648,,3432,3,200,5
3649,,3432,3,200,3
3650,,3432,3,200,2
3651,,21718,2,200,4
3652,,21718,2,200,1
3653,,21718,2,200,5
3654,,21718,2,200,3
3655,,21718,2,200,2
3656,,23121,4,200,4
3657,,23121,1,200,1
3658,,23121,5,200,5
3659,,23121,3,200,3
3660,,23121,2,200,2
3661,,3402,3,201,4
3662,,3402,3,201,1
3663,,3402,3,201,5
3664,,3402,3,201,3
3665,,3402,3,201,2
3666,,3413,2,201,4
3667,,3413,2,201,1
3668,,3413,2,201,5
3669,,3413,2,201,3
3670,,3413,2,201,2
3671,,3426,2,201,4
3672,,3426,2,201,1
3673,,3426,2,201,5
3674,,3426,2,201,3
3675,,3426,2,201,2
3676,,3432,3,201,4
3677,,3432,3,201,1
3678,,3432,3,201,5
3679,,3432,3,201,3
3680,,3432,3,201,2
3681,,21718,2,201,4
3682,,21718,2,201,1
3683,,21718,2,201,5
3684,,21718,2,201,3
3685,,21718,2,201,2
3686,,21791,4,201,4
3687,,21791,1,201,1
3688,,21791,5,201,5
3689,,21791,3,201,3
3690,,21791,2,201,2
3691,,3402,5,202,4
3692,,3402,5,202,1
3693,,3402,5,202,5
3694,,3402,5,202,3
3695,,3402,5,202,2
3696,,3413,5,202,4
3697,,3413,5,202,1
3698,,3413,5,202,5
3699,,3413,5,202,3
3700,,3413,5,202,2
3701,,11433,4,202,4
3702,,11433,1,202,1
3703,,11433,5,202,5
3704,,11433,3,202,3
3705,,11433,2,202,2
3706,,3392,5,203,4
3707,,3392,5,203,1
3708,,3392,5,203,5
3709,,3392,5,203,3
3710,,3392,5,203,2
3711,,3402,5,203,4
3712,,3402,5,203,1
3713,,3402,5,203,5
3714,,3402,5,203,3
3715,,3402,5,203,2
3716,,11452,4,203,4
3717,,11452,1,203,1
3718,,11452,5,203,5
3719,,11452,3,203,3
3720,,11452,2,203,2
3721,,3402,5,204,4
3722,,3402,5,204,1
3723,,3402,5,204,5
3724,,3402,5,204,3
3725,,3402,5,204,2
3726,,3426,5,204,4
3727,,3426,5,204,1
3728,,3426,5,204,5
3729,,3426,5,204,3
3730,,3426,5,204,2
3731,,11453,4,204,4
3732,,11453,1,204,1
3733,,11453,5,204,5
3734,,11453,3,204,3
3735,,11453,2,204,2
3736,,3402,5,205,4
3737,,3402,5,205,1
3738,,3402,5,205,5
3739,,3402,5,205,3
3740,,3402,5,205,2
3741,,3426,5,205,4
3742,,3426,5,205,1
3743,,3426,5,205,5
3744,,3426,5,205,3
3745,,3426,5,205,2
3746,,11442,4,205,4
3747,,11442,1,205,1
3748,,11442,5,205,5
3749,,11442,3,205,3
3750,,11442,2,205,2
3751,,3402,5,206,4
3752,,3402,5,206,1
3753,,3402,5,206,5
3754,,3402,5,206,3
3755,,3402,5,206,2
3756,,3413,5,206,4
3757,,3413,5,206,1
3758,,3413,5,206,5
3759,,3413,5,206,3
3760,,3413,5,206,2
3761,,11455,4,206,4
3762,,11455,1,206,1
3763,,11455,5,206,5
3764,,11455,3,206,3
3765,,11455,2,206,2
3766,,3392,5,207,4
3767,,3392,5,207,1
3768,,3392,5,207,5
3769,,3392,5,207,3
3770,,3392,5,207,2
3771,,3402,5,207,4
3772,,3402,5,207,1
3773,,3402,5,207,5
3774,,3402,5,207,3
3775,,3402,5,207,2
3776,,11529,4,207,4
3777,,11529,1,207,1
3778,,11529,5,207,5
3779,,11529,3,207,3
3780,,11529,2,207,2
3781,,3402,5,208,4
3782,,3402,5,208,1
3783,,3402,5,208,5
3784,,3402,5,208,3
3785,,3402,5,208,2
3786,,3413,5,208,4
3787,,3413,5,208,1
3788,,3413,5,208,5
3789,,3413,5,208,3
3790,,3413,5,208,2
3791,,11446,4,208,4
3792,,11446,1,208,1
3793,,11446,5,208,5
3794,,11446,3,208,3
3795,,11446,2,208,2
3796,,3402,5,209,4
3797,,3402,5,209,1
3798,,3402,5,209,5
3799,,3402,5,209,3
3800,,3402,5,209,2
3801,,3413,5,209,4
3802,,3413,5,209,1
3803,,3413,5,209,5
3804,,3413,5,209,3
3805,,3413,5,209,2
3806,,11447,4,209,4
3807,,11447,1,209,1
3808,,11447,5,209,5
3809,,11447,3,209,3
3810,,11447,2,209,2
3811,,3402,5,211,4
3812,,3402,5,211,1
3813,,3402,5,211,5
3814,,3402,5,211,3
3815,,3402,5,211,2
3816,,3403,5,211,4
3817,,3403,5,211,1
3818,,3403,5,211,5
3819,,3403,5,211,3
3820,,3403,5,211,2
3821,,3408,4,211,4
3822,,3408,1,211,1
3823,,3408,5,211,5
3824,,3408,3,211,3
3825,,3408,2,211,2
3826,,3409,4,211,4
3827,,3409,4,211,1
3828,,3409,4,211,5
3829,,3409,4,211,3
3830,,3409,4,211,2
3831,,3413,5,211,4
3832,,3413,5,211,1
3833,,3413,5,211,5
3834,,3413,5,211,3
3835,,3413,5,211,2
3836,,11433,4,211,4
3837,,11433,4,211,1
3838,,11433,4,211,5
3839,,11433,4,211,3
3840,,11433,4,211,2
3841,,11441,4,211,4
3842,,11441,1,211,1
3843,,11441,5,211,5
3844,,11441,3,211,3
3845,,11441,2,211,2
3846,,30327,4,211,4
3847,,30327,1,211,1
3848,,30327,5,211,5
3849,,30327,3,211,3
3850,,30327,2,211,2
3851,,3392,5,212,4
3852,,3392,5,212,1
3853,,3392,5,212,5
3854,,3392,5,212,3
3855,,3392,5,212,2
3856,,3402,5,212,4
3857,,3402,5,212,1
3858,,3402,5,212,5
3859,,3402,5,212,3
3860,,3402,5,212,2
3861,,3403,5,212,4
3862,,3403,5,212,1
3863,,3403,5,212,5
3864,,3403,5,212,3
3865,,3403,5,212,2
3866,,3408,4,212,4
3867,,3408,1,212,1
3868,,3408,5,212,5
3869,,3408,3,212,3
3870,,3408,2,212,2
3871,,3409,4,212,4
3872,,3409,4,212,1
3873,,3409,4,212,5
3874,,3409,4,212,3
3875,,3409,4,212,2
3876,,3413,5,212,4
3877,,3413,5,212,1
3878,,3413,5,212,5
3879,,3413,5,212,3
3880,,3413,5,212,2
3881,,11446,4,212,4
3882,,11446,4,212,1
3883,,11446,4,212,5
3884,,11446,4,212,3
3885,,11446,4,212,2
3886,,11449,4,212,4
3887,,11449,1,212,1
3888,,11449,5,212,5
3889,,11449,3,212,3
3890,,11449,2,212,2
3891,,30788,4,212,4
3892,,30788,1,212,1
3893,,30788,5,212,5
3894,,30788,3,212,3
3895,,30788,2,212,2
3896,,3402,5,213,4
3897,,3402,5,213,1
3898,,3402,5,213,5
3899,,3402,5,213,3
3900,,3402,5,213,2
3901,,3403,4,213,4
3902,,3403,4,213,1
3903,,3403,4,213,5
3904,,3403,4,213,3
3905,,3403,4,213,2
3906,,3408,4,213,4
3907,,3408,1,213,1
3908,,3408,5,213,5
3909,,3408,3,213,3
3910,,3408,2,213,2
3911,,3409,4,213,4
3912,,3409,4,213,1
3913,,3409,4,213,5
3914,,3409,4,213,3
3915,,3409,4,213,2
3916,,3413,5,213,4
3917,,3413,5,213,1
3918,,3413,5,213,5
3919,,3413,5,213,3
3920,,3413,5,213,2
3921,,11433,4,213,4
3922,,11433,4,213,1
3923,,11433,4,213,5
3924,,11433,4,213,3
3925,,11433,4,213,2
3926,,11455,4,213,4
3927,,11455,1,213,1
3928,,11455,5,213,5
3929,,11455,3,213,3
3930,,11455,2,213,2
3931,,30325,4,213,4
3932,,30325,1,213,1
3933,,30325,5,213,5
3934,,30325,3,213,3
3935,,30325,2,213,2
3936,,3402,5,214,4
3937,,3402,5,214,1
3938,,3402,5,214,5
3939,,3402,5,214,3
3940,,3402,5,214,2
3941,,3403,5,214,4
3942,,3403,5,214,1
3943,,3403,5,214,5
3944,,3403,5,214,3
3945,,3403,5,214,2
3946,,3408,4,214,4
3947,,3408,1,214,1
3948,,3408,5,214,5
3949,,3408,3,214,3
3950,,3408,2,214,2
3951,,3409,4,214,4
3952,,3409,4,214,1
3953,,3409,4,214,5
3954,,3409,4,214,3
3955,,3409,4,214,2
3956,,3413,5,214,4
3957,,3413,5,214,1
3958,,3413,5,214,5
3959,,3413,5,214,3
3960,,3413,5,214,2
3961,,3426,5,214,4
3962,,3426,5,214,1
3963,,3426,5,214,5
3964,,3426,5,214,3
3965,,3426,5,214,2
3966,,11442,4,214,4
3967,,11442,4,214,1
3968,,11442,4,214,5
3969,,11442,4,214,3
3970,,11442,4,214,2
3971,,11443,4,214,4
3972,,11443,1,214,1
3973,,11443,5,214,5
3974,,11443,3,214,3
3975,,11443,2,214,2
3976,,30324,4,214,4
3977,,30324,1,214,1
3978,,30324,5,214,5
3979,,30324,3,214,3
3980,,30324,2,214,2
3981,,3402,5,215,4
3982,,3402,5,215,1
3983,,3402,5,215,5
3984,,3402,5,215,3
3985,,3402,5,215,2
3986,,3403,5,215,4
3987,,3403,5,215,1
3988,,3403,5,215,5
3989,,3403,5,215,3
3990,,3403,5,215,2
3991,,3408,4,215,4
3992,,3408,1,215,1
3993,,3408,5,215,5
3994,,3408,3,215,3
3995,,3408,2,215,2
3996,,3409,4,215,4
3997,,3409,4,215,1
3998,,3409,4,215,5
3999,,3409,4,215,3
4000,,3409,4,215,2
4001,,3426,5,215,4
4002,,3426,5,215,1
4003,,3426,5,215,5
4004,,3426,5,215,3
4005,,3426,5,215,2
4006,,11453,4,215,4
4007,,11453,1,215,1
4008,,11453,5,215,5
4009,,11453,3,215,3
4010,,11453,2,215,2
4011,,30326,4,215,4
4012,,30326,1,215,1
4013,,30326,5,215,5
4014,,30326,3,215,3
4015,,30326,2,215,2
4016,,3392,5,216,4
4017,,3392,5,216,1
4018,,3392,5,216,5
4019,,3392,5,216,3
4020,,3392,5,216,2
4021,,3402,5,216,4
4022,,3402,5,216,1
4023,,3402,5,216,5
4024,,3402,5,216,3
4025,,3402,5,216,2
4026,,3403,4,216,4
4027,,3403,4,216,1
4028,,3403,4,216,5
4029,,3403,4,216,3
4030,,3403,4,216,2
4031,,3408,4,216,4
4032,,3408,1,216,1
4033,,3408,5,216,5
4034,,3408,3,216,3
4035,,3408,2,216,2
4036,,3409,4,216,4
4037,,3409,4,216,1
4038,,3409,4,216,5
4039,,3409,4,216,3
4040,,3409,4,216,2
4041,,3413,5,216,4
4042,,3413,5,216,1
4043,,3413,5,216,5
4044,,3413,5,216,3
4045,,3413,5,216,2
4046,,11441,4,216,4
4047,,11441,1,216,1
4048,,11441,5,216,5
4049,,11441,3,216,3
4050,,11441,2,216,2
4051,,11452,4,216,4
4052,,11452,1,216,1
4053,,11452,5,216,5
4054,,11452,3,216,3
4055,,11452,2,216,2
4056,,3300,5,229,4
4057,,3300,3,229,1
4058,,3300,5,229,5
4059,,3300,4,229,3
4060,,3300,4,229,2
4061,,3310,4,229,4
4062,,3310,1,229,1
4063,,3310,5,229,5
4064,,3310,4,229,3
4065,,3310,3,229,2
4066,,3311,4,229,4
4067,,3311,1,229,1
4068,,3311,5,229,5
4069,,3311,4,229,3
4070,,3311,3,229,2
4071,,3312,4,229,4
4072,,3312,1,229,1
4073,,3312,5,229,5
4074,,3312,4,229,3
4075,,3312,3,229,2
4076,,3315,4,229,4
4077,,3315,0,229,1
4078,,3315,5,229,5
4079,,3315,4,229,3
4080,,3315,3,229,2
4081,,3316,4,229,4
4082,,3316,1,229,1
4083,,3316,5,229,5
4084,,3316,4,229,3
4085,,3316,3,229,2
4086,,47870,5,229,4
4087,,47870,1,229,1
4088,,47870,5,229,5
4089,,47870,4,229,3
4090,,47870,3,229,2
4091,,47873,1,229,4
4092,,47873,0,229,1
4093,,47873,5,229,5
4094,,47873,0,229,3
4095,,47873,0,229,2
4096,,3300,5,230,4
4097,,3300,3,230,1
4098,,3300,5,230,5
4099,,3300,4,230,3
4100,,3300,4,230,2
4101,,3310,4,230,4
4102,,3310,1,230,1
4103,,3310,5,230,5
4104,,3310,4,230,3
4105,,3310,3,230,2
4106,,3311,4,230,4
4107,,3311,1,230,1
4108,,3311,5,230,5
4109,,3311,4,230,3
4110,,3311,3,230,2
4111,,3312,4,230,4
4112,,3312,1,230,1
4113,,3312,5,230,5
4114,,3312,4,230,3
4115,,3312,3,230,2
4116,,3315,4,230,4
4117,,3315,0,230,1
4118,,3315,5,230,5
4119,,3315,4,230,3
4120,,3315,3,230,2
4121,,3316,4,230,4
4122,,3316,1,230,1
4123,,3316,5,230,5
4124,,3316,4,230,3
4125,,3316,3,230,2
4126,,47871,4,230,4
4127,,47871,1,230,1
4128,,47871,5,230,5
4129,,47871,4,230,3
4130,,47871,3,230,2
4131,,47874,1,230,4
4132,,47874,0,230,1
4133,,47874,5,230,5
4134,,47874,0,230,3
4135,,47874,0,230,2
4136,,3300,5,231,4
4137,,3300,3,231,1
4138,,3300,5,231,5
4139,,3300,4,231,3
4140,,3300,4,231,2
4141,,3310,4,231,4
4142,,3310,1,231,1
4143,,3310,5,231,5
4144,,3310,4,231,3
4145,,3310,3,231,2
4146,,3311,4,231,4
4147,,3311,1,231,1
4148,,3311,5,231,5
4149,,3311,4,231,3
4150,,3311,3,231,2
4151,,3312,4,231,4
4152,,3312,1,231,1
4153,,3312,5,231,5
4154,,3312,4,231,3
4155,,3312,3,231,2
4156,,3315,4,231,4
4157,,3315,0,231,1
4158,,3315,5,231,5
4159,,3315,4,231,3
4160,,3315,3,231,2
4161,,3316,4,231,4
4162,,3316,1,231,1
4163,,3316,5,231,5
4164,,3316,4,231,3
4165,,3316,3,231,2
4166,,47872,4,231,4
4167,,47872,1,231,1
4168,,47872,5,231,5
4169,,47872,4,231,3
4170,,47872,3,231,2
4171,,47875,1,231,4
4172,,47875,0,231,1
4173,,47875,5,231,5
4174,,47875,0,231,3
4175,,47875,0,231,2
4176,,45746,0,233,4
4177,,45746,0,233,1
4178,,45746,0,233,5
4179,,45746,0,233,3
4180,,45746,0,233,2
4181,,45748,0,233,4
4182,,45748,0,233,1
4183,,45748,0,233,5
4184,,45748,0,233,3
4185,,45748,0,233,2
4186,,45749,0,233,4
4187,,45749,0,233,1
4188,,45749,0,233,5
4189,,45749,0,233,3
4190,,45749,0,233,2
4191,,45750,0,233,4
4192,,45750,0,233,1
4193,,45750,0,233,5
4194,,45750,0,233,3
4195,,45750,0,233,2
4196,,3386,5,234,4
4197,,3386,1,234,1
4198,,3386,5,234,5
4199,,3386,4,234,3
4200,,3386,3,234,2
4201,,3402,4,234,4
4202,,3402,0,234,1
4203,,3402,4,234,5
4204,,3402,4,234,3
4205,,3402,0,234,2
4206,,3410,5,234,4
4207,,3410,0,234,1
4208,,3410,5,234,5
4209,,3410,1,234,3
4210,,3410,0,234,2
4211,,11395,3,234,4
4212,,11395,0,234,1
4213,,11395,5,234,5
4214,,11395,0,234,3
4215,,11395,0,234,2
4216,,22578,4,234,4
4217,,22578,0,234,1
4218,,22578,5,234,5
4219,,22578,3,234,3
4220,,22578,2,234,2
4221,,25544,4,234,4
4222,,25544,0,234,1
4223,,25544,5,234,5
4224,,25544,1,234,3
4225,,25544,0,234,2
4226,,3300,5,2235,4
4227,,3300,5,2235,1
4228,,3300,5,2235,5
4229,,3300,5,2235,3
4230,,3300,5,2235,2
4231,,3310,5,2235,4
4232,,3310,1,2235,1
4233,,3310,5,2235,5
4234,,3310,4,2235,3
4235,,3310,3,2235,2
4236,,3311,5,2235,4
4237,,3311,1,2235,1
4238,,3311,5,2235,5
4239,,3311,4,2235,3
4240,,3311,3,2235,2
4241,,3312,5,2235,4
4242,,3312,1,2235,1
4243,,3312,5,2235,5
4244,,3312,4,2235,3
4245,,3312,3,2235,2
4246,,3315,5,2235,4
4247,,3315,0,2235,1
4248,,3315,5,2235,5
4249,,3315,4,2235,3
4250,,3315,3,2235,2
4251,,3316,5,2235,4
4252,,3316,1,2235,1
4253,,3316,5,2235,5
4254,,3316,4,2235,3
4255,,3316,3,2235,2
4256,,47870,3,2235,4
4257,,47870,3,2235,1
4258,,47870,3,2235,5
4259,,47870,3,2235,3
4260,,47870,3,2235,2
4261,,47871,3,2235,4
4262,,47871,3,2235,1
4263,,47871,3,2235,5
4264,,47871,3,2235,3
4265,,47871,3,2235,2
4266,,47872,5,2235,4
4267,,47872,5,2235,1
4268,,47872,5,2235,5
4269,,47872,5,2235,3
4270,,47872,5,2235,2
4271,,52998,4,2235,4
4272,,52998,1,2235,1
4273,,52998,5,2235,5
4274,,52998,3,2235,3
4275,,52998,2,2235,2
4276,,54827,1,2236,4
4277,,54827,0,2236,1
4278,,54827,5,2236,5
4279,,54827,0,2236,3
4280,,54827,0,2236,2
4281,,54840,4,2236,4
4282,,54840,1,2236,1
4283,,54840,5,2236,5
4284,,54840,4,2236,3
4285,,54840,3,2236,2
4286,,54841,4,2236,4
4287,,54841,1,2236,1
4288,,54841,5,2236,5
4289,,54841,4,2236,3
4290,,54841,3,2236,2
4291,,55033,5,2236,4
4292,,55033,4,2236,1
4293,,55033,5,2236,5
4294,,55033,4,2236,3
4295,,55033,4,2236,2
4296,,55034,5,2236,4
4297,,55034,1,2236,1
4298,,55034,5,2236,5
4299,,55034,4,2236,3
4300,,55034,3,2236,2
4301,,55511,4,2236,4
4302,,55511,1,2236,1
4303,,55511,5,2236,5
4304,,55511,4,2236,3
4305,,55511,1,2236,2
4306,,54828,1,2237,4
4307,,54828,0,2237,1
4308,,54828,5,2237,5
4309,,54828,0,2237,3
4310,,54828,0,2237,2
4311,,54840,4,2237,4
4312,,54840,1,2237,1
4313,,54840,5,2237,5
4314,,54840,4,2237,3
4315,,54840,3,2237,2
4316,,54841,4,2237,4
4317,,54841,1,2237,1
4318,,54841,5,2237,5
4319,,54841,4,2237,3
4320,,54841,3,2237,2
4321,,55033,5,2237,4
4322,,55033,4,2237,1
4323,,55033,5,2237,5
4324,,55033,5,2237,3
4325,,55033,4,2237,2
4326,,55034,3,2237,4
4327,,55034,3,2237,1
4328,,55034,3,2237,5
4329,,55034,3,2237,3
4330,,55034,3,2237,2
4331,,55035,5,2237,4
4332,,55035,1,2237,1
4333,,55035,5,2237,5
4334,,55035,4,2237,3
4335,,55035,3,2237,2
4336,,55511,4,2237,4
4337,,55511,1,2237,1
4338,,55511,5,2237,5
4339,,55511,4,2237,3
4340,,55511,3,2237,2
4341,,54826,5,2238,4
4342,,54826,1,2238,1
4343,,54826,5,2238,5
4344,,54826,4,2238,3
4345,,54826,3,2238,2
4346,,54829,1,2238,4
4347,,54829,0,2238,1
4348,,54829,5,2238,5
4349,,54829,0,2238,3
4350,,54829,0,2238,2
4351,,54840,5,2238,4
4352,,54840,1,2238,1
4353,,54840,5,2238,5
4354,,54840,4,2238,3
4355,,54840,3,2238,2
4356,,54841,5,2238,4
4357,,54841,1,2238,1
4358,,54841,5,2238,5
4359,,54841,4,2238,3
4360,,54841,3,2238,2
4361,,55033,5,2238,4
4362,,55033,5,2238,1
4363,,55033,5,2238,5
4364,,55033,5,2238,3
4365,,55033,5,2238,2
4366,,55034,3,2238,4
4367,,55034,3,2238,1
4368,,55034,3,2238,5
4369,,55034,3,2238,3
4370,,55034,3,2238,2
4371,,55035,3,2238,4
4372,,55035,3,2238,1
4373,,55035,3,2238,5
4374,,55035,3,2238,3
4375,,55035,3,2238,2
4376,,55511,5,2238,4
4377,,55511,1,2238,1
4378,,55511,5,2238,5
4379,,55511,4,2238,3
4380,,55511,3,2238,2
4381,,86260,5,2267,4
4382,,86260,1,2267,1
4383,,86260,5,2267,5
4384,,86260,4,2267,3
4385,,86260,3,2267,2
4386,,86261,4,2267,4
4387,,86261,1,2267,1
4388,,86261,5,2267,5
4389,,86261,3,2267,3
4390,,86261,2,2267,2
4391,,86262,3,2267,4
4392,,86262,0,2267,1
4393,,86262,5,2267,5
4394,,86262,1,2267,3
4395,,86262,0,2267,2
4396,,86263,4,2267,4
4397,,86263,0,2267,1
4398,,86263,5,2267,5
4399,,86263,3,2267,3
4400,,86263,1,2267,2
4401,,86264,4,2267,4
4402,,86264,0,2267,1
4403,,86264,5,2267,5
4404,,86264,3,2267,3
4405,,86264,1,2267,2
4406,,3348,5,2268,4
4407,,3348,5,2268,1
4408,,3348,5,2268,5
4409,,3348,5,2268,3
4410,,3348,5,2268,2
4411,,3354,4,2268,4
4412,,3354,1,2268,1
4413,,3354,5,2268,5
4414,,3354,3,2268,3
4415,,3354,2,2268,2
4416,,89610,4,2268,4
4417,,89610,1,2268,1
4418,,89610,5,2268,5
4419,,89610,3,2268,3
4420,,89610,2,2268,2
4421,,89611,5,2268,4
4422,,89611,5,2268,1
4423,,89611,5,2268,5
4424,,89611,5,2268,3
4425,,89611,5,2268,2
4426,,25544,4,2269,4
4427,,25544,1,2269,1
4428,,25544,5,2269,5
4429,,25544,3,2269,3
4430,,25544,2,2269,2
