recommendationID,shipTypeID,certificateID,recommendationLevel
1,73789,50,1
2,42685,50,1
3,33079,50,1
4,37453,50,1
5,85062,50,1
6,589,50,1
7,591,50,1
8,596,50,1
9,597,50,1
10,615,50,1
11,33655,50,1
12,11184,50,1
13,35779,50,1
14,33879,50,1
15,11393,50,1
16,33657,50,1
17,37481,50,1
18,42246,50,1
19,17703,50,1
20,58745,50,1
21,3516,50,1
22,17924,50,1
23,17926,50,1
24,34317,50,1
25,44993,50,1
26,11940,50,1
27,11942,50,1
28,77114,50,1
29,16236,50,1
30,24696,64,1
31,33155,64,1
32,624,64,1
33,29337,64,1
34,33470,64,1
35,33553,64,1
36,33639,64,1
37,33641,64,1
38,35781,64,1
39,52267,64,1
40,85229,64,1
41,29986,64,1
42,17709,64,1
43,17718,64,1
44,17922,64,1
45,89607,64,1
46,3756,64,1
47,12003,64,1
48,12017,64,1
49,22448,64,1
50,44995,64,1
51,2006,64,1
52,24692,65,1
53,4302,65,1
54,47466,65,1
55,642,65,1
56,33472,65,1
57,33623,65,1
58,33625,65,1
59,85236,65,1
60,17726,65,1
61,17736,65,1
62,17920,65,1
63,32305,65,1
64,44996,65,1
65,11936,65,1
66,11938,65,1
67,22428,65,1
68,28659,65,1
69,73790,66,1
70,42241,66,1
71,42243,66,1
72,19720,66,1
73,11567,66,1
74,73795,67,1
75,73796,67,1
76,32840,67,1
77,32842,67,1
78,32844,67,1
79,32846,67,1
80,32848,67,1
81,32872,67,1
82,42685,67,1
83,33083,67,1
84,85062,67,1
85,45530,67,1
86,35683,67,1
87,593,67,1
88,594,67,1
89,601,67,1
90,603,67,1
91,606,67,1
92,608,67,1
93,37483,67,1
94,2834,67,1
95,33659,67,1
96,33661,67,1
97,33667,67,1
98,33669,67,1
99,33677,67,1
100,33678,67,1
101,11178,67,1
102,11200,67,1
103,11202,67,1
104,33877,67,1
105,33881,67,1
106,11381,67,1
107,17841,67,1
108,37455,67,1
109,37456,67,1
110,17928,67,1
111,44993,67,1
112,78414,67,1
113,12042,67,1
114,12044,67,1
115,77114,67,1
116,16238,67,1
117,16240,67,1
118,22460,67,1
119,33151,68,1
120,45531,68,1
121,623,68,1
122,626,68,1
123,627,68,1
124,11011,68,1
125,2836,68,1
126,33651,68,1
127,33653,68,1
128,33869,68,1
129,33873,68,1
130,72812,68,1
131,85229,68,1
132,29988,68,1
133,17722,68,1
134,29984,68,1
135,17843,68,1
136,77726,68,1
137,3756,68,1
138,11969,68,1
139,11971,68,1
140,12011,68,1
141,12021,68,1
142,12023,68,1
143,16227,68,1
144,16229,68,1
145,22442,68,1
146,22446,68,1
147,29344,68,1
148,22466,68,1
149,44995,68,1
150,24688,69,1
151,24690,69,1
152,4306,69,1
153,4308,69,1
154,47466,69,1
155,641,69,1
156,33627,69,1
157,33629,69,1
158,33635,69,1
159,33637,69,1
160,13202,69,1
161,85236,69,1
162,17728,69,1
163,34118,69,1
164,17740,69,1
165,32307,69,1
166,44996,69,1
167,22430,69,1
168,28661,69,1
169,73792,70,1
170,671,70,1
171,77281,70,1
172,42124,70,1
173,42126,70,1
174,19724,70,1
175,77284,70,1
176,73794,71,1
177,42685,71,1
178,33099,71,1
179,85062,71,1
180,78333,71,1
181,34562,71,1
182,585,71,1
183,587,71,1
184,588,71,1
185,617,71,1
186,33663,71,1
187,33665,71,1
188,11196,71,1
189,11198,71,1
190,33883,71,1
191,85087,71,1
192,11371,71,1
193,17812,71,1
194,32207,71,1
195,17932,71,1
196,44993,71,1
197,33397,71,1
198,77114,71,1
199,16242,71,1
200,22456,71,1
201,24702,72,1
202,33157,72,1
203,78369,72,1
204,622,72,1
205,629,72,1
206,29336,72,1
207,33647,72,1
208,33649,72,1
209,85086,72,1
210,85229,72,1
211,29990,72,1
212,17713,72,1
213,17720,72,1
214,74316,72,1
215,32209,72,1
216,3756,72,1
217,11961,72,1
218,11999,72,1
219,12013,72,1
220,22444,72,1
221,44995,72,1
222,24694,73,1
223,4310,73,1
224,26842,73,1
225,47466,73,1
226,639,73,1
227,33631,73,1
228,33633,73,1
229,85236,73,1
230,17732,73,1
231,17738,73,1
232,32311,73,1
233,44996,73,1
234,47727,73,1
235,47728,73,1
236,22440,73,1
237,28665,73,1
238,73787,74,1
239,78576,74,1
240,23773,74,1
241,19722,74,1
242,87381,74,1
243,77288,74,1
244,34828,75,1
245,32876,75,1
246,32878,75,1
247,42685,75,1
248,32788,75,1
249,33081,75,1
250,74141,75,1
251,85062,75,1
252,78367,75,1
253,583,75,1
254,598,75,1
255,601,75,1
256,602,75,1
257,37480,75,1
258,37482,75,1
259,33673,75,1
260,11176,75,1
261,11186,75,1
262,33816,75,1
263,85087,75,1
264,11365,75,1
265,11379,75,1
266,11400,75,1
267,17619,75,1
268,60765,75,1
269,37454,75,1
270,17930,75,1
271,44993,75,1
272,89808,75,1
273,77114,75,1
274,22452,75,1
275,22464,75,1
276,33153,76,1
277,78366,76,1
278,621,76,1
279,630,76,1
280,29336,76,1
281,29340,76,1
282,24698,76,1
283,33643,76,1
284,33645,76,1
285,33675,76,1
286,33818,76,1
287,33871,76,1
288,85086,76,1
289,81008,76,1
290,81046,76,1
291,81047,76,1
292,17634,76,1
293,85229,76,1
294,29986,76,1
295,29990,76,1
296,17715,76,1
297,60764,76,1
298,29984,76,1
299,72811,76,1
300,3518,76,1
301,3756,76,1
302,33395,76,1
303,11959,76,1
304,11963,76,1
305,11993,76,1
306,11995,76,1
307,12015,76,1
308,12019,76,1
309,16231,76,1
310,44995,76,1
311,22468,76,1
312,22470,76,1
313,22474,76,1
314,28710,77,1
315,34151,77,1
316,26840,77,1
317,47466,77,1
318,638,77,1
319,644,77,1
320,33820,77,1
321,81040,77,1
322,17636,77,1
323,85236,77,1
324,17918,77,1
325,32309,77,1
326,32311,77,1
327,44996,77,1
328,89807,77,1
329,22436,77,1
330,73793,78,1
331,45647,78,1
332,45649,78,1
333,19726,78,1
334,77283,78,1
335,3764,78,1
336,45530,79,1
337,11377,79,1
338,12032,79,1
339,12034,79,1
340,12038,79,1
341,45647,81,1
342,45649,81,1
343,23757,81,1
344,23911,81,1
345,23915,81,1
346,24483,81,1
347,23919,82,1
348,22852,82,1
349,45649,82,1
350,42125,82,1
351,23913,82,1
352,23917,82,1
353,3514,82,1
354,2998,83,1
355,32790,84,1
356,49712,84,1
357,49713,84,1
358,620,84,1
359,625,84,1
360,631,84,1
361,634,84,1
362,45645,84,1
363,42245,84,1
364,11978,84,1
365,11985,84,1
366,11987,84,1
367,11989,84,1
368,34828,85,1
369,22544,85,1
370,22546,85,1
371,22548,85,1
372,32790,85,1
373,28710,85,1
374,73794,85,1
375,73795,85,1
376,34151,85,1
377,32876,85,1
378,32878,85,1
379,42685,85,1
380,24688,85,1
381,24694,85,1
382,32788,85,1
383,4306,85,1
384,4310,85,1
385,32983,85,1
386,26840,85,1
387,26842,85,1
388,32989,85,1
389,37135,85,1
390,33081,85,1
391,33099,85,1
392,47466,85,1
393,33153,85,1
394,74141,85,1
395,85062,85,1
396,78333,85,1
397,34562,85,1
398,78366,85,1
399,78367,85,1
400,37458,85,1
401,582,85,1
402,583,85,1
403,584,85,1
404,585,85,1
405,586,85,1
406,588,85,1
407,598,85,1
408,599,85,1
409,601,85,1
410,602,85,1
411,603,85,1
412,605,85,1
413,615,85,1
414,37480,85,1
415,617,85,1
416,37482,85,1
417,620,85,1
418,621,85,1
419,622,85,1
420,623,85,1
421,630,85,1
422,631,85,1
423,632,85,1
424,638,85,1
425,640,85,1
426,29336,85,1
427,29340,85,1
428,32880,85,1
429,24698,85,1
430,33627,85,1
431,33629,85,1
432,33631,85,1
433,33633,85,1
434,33643,85,1
435,33645,85,1
436,33647,85,1
437,33649,85,1
438,33659,85,1
439,33661,85,1
440,33673,85,1
441,33675,85,1
442,33683,85,1
443,33685,85,1
444,33697,85,1
445,11176,85,1
446,11178,85,1
447,11192,85,1
448,11194,85,1
449,35779,85,1
450,35781,85,1
451,33816,85,1
452,33818,85,1
453,33820,85,1
454,91174,85,1
455,17476,85,1
456,17478,85,1
457,17480,85,1
458,33871,85,1
459,33873,85,1
460,33881,85,1
461,33883,85,1
462,85086,85,1
463,85087,85,1
464,72812,85,1
465,11379,85,1
466,11381,85,1
467,11400,85,1
468,89240,85,1
469,89649,85,1
470,72903,85,1
471,72904,85,1
472,17619,85,1
473,17634,85,1
474,17636,85,1
475,85229,85,1
476,85236,85,1
477,42244,85,1
478,29990,85,1
479,17715,85,1
480,17718,85,1
481,17720,85,1
482,17736,85,1
483,17738,85,1
484,60764,85,1
485,60765,85,1
486,29984,85,1
487,72811,85,1
488,17812,85,1
489,54731,85,1
490,54733,85,1
491,37454,85,1
492,37455,85,1
493,37460,85,1
494,17918,85,1
495,17924,85,1
496,17930,85,1
497,17932,85,1
498,89647,85,1
499,89648,85,1
500,32309,85,1
501,44993,85,1
502,44996,85,1
503,47727,85,1
504,47728,85,1
505,3756,85,1
506,33395,85,1
507,11957,85,1
508,3766,85,1
509,11959,85,1
510,11961,85,1
511,11963,85,1
512,33397,85,1
513,11978,85,1
514,89807,85,1
515,89808,85,1
516,11985,85,1
517,11993,85,1
518,11995,85,1
519,11999,85,1
520,12011,85,1
521,12013,85,1
522,12015,85,1
523,12032,85,1
524,12034,85,1
525,77114,85,1
526,16227,85,1
527,16231,85,1
528,16238,85,1
529,16242,85,1
530,22436,85,1
531,4005,85,1
532,22444,85,1
533,22446,85,1
534,22456,85,1
535,28606,85,1
536,22464,85,1
537,44995,85,1
538,22468,85,1
539,22470,85,1
540,28665,85,1
541,73787,86,1
542,73793,86,1
543,22852,86,1
544,45645,86,1
545,45647,86,1
546,37605,86,1
547,37606,86,1
548,78576,86,1
549,45649,86,1
550,33687,86,1
551,23773,86,1
552,19722,86,1
553,19726,86,1
554,87381,86,1
555,23915,86,1
556,23917,86,1
557,3514,86,1
558,77284,86,1
559,77288,86,1
560,3764,86,1
561,28352,86,1
562,24483,86,1
563,32790,87,1
564,37458,87,1
565,582,87,1
566,599,87,1
567,620,87,1
568,631,87,1
569,29990,87,1
570,29984,87,1
571,37460,87,1
572,11978,87,1
573,11985,87,1
574,45645,88,1
575,37605,88,1
576,37606,88,1
577,37607,88,1
578,33687,88,1
579,28352,88,1
580,73789,89,1
581,73796,89,1
582,32840,89,1
583,32842,89,1
584,32844,89,1
585,32846,89,1
586,32848,89,1
587,32872,89,1
588,32874,89,1
589,42685,89,1
590,2161,89,1
591,24690,89,1
592,24692,89,1
593,24696,89,1
594,24700,89,1
595,24702,89,1
596,52250,89,1
597,47269,89,1
598,47270,89,1
599,47271,89,1
600,52252,89,1
601,4302,89,1
602,4308,89,1
603,32985,89,1
604,32987,89,1
605,33079,89,1
606,33083,89,1
607,47466,89,1
608,33151,89,1
609,33155,89,1
610,33157,89,1
611,37453,89,1
612,85062,89,1
613,33190,89,1
614,45530,89,1
615,45531,89,1
616,35683,89,1
617,78369,89,1
618,49710,89,1
619,49711,89,1
620,49712,89,1
621,49713,89,1
622,29248,89,1
623,587,89,1
624,589,89,1
625,590,89,1
626,591,89,1
627,592,89,1
628,593,89,1
629,594,89,1
630,37459,89,1
631,596,89,1
632,597,89,1
633,606,89,1
634,607,89,1
635,608,89,1
636,609,89,1
637,37483,89,1
638,624,89,1
639,625,89,1
640,626,89,1
641,627,89,1
642,628,89,1
643,629,89,1
644,633,89,1
645,634,89,1
646,639,89,1
647,641,89,1
648,642,89,1
649,643,89,1
650,644,89,1
651,645,89,1
652,29337,89,1
653,33468,89,1
654,33470,89,1
655,33472,89,1
656,11011,89,1
657,33553,89,1
658,2834,89,1
659,2836,89,1
660,2863,89,1
661,33623,89,1
662,33625,89,1
663,88001,89,1
664,33635,89,1
665,33637,89,1
666,33639,89,1
667,33641,89,1
668,33651,89,1
669,33653,89,1
670,33655,89,1
671,33663,89,1
672,33665,89,1
673,33667,89,1
674,33669,89,1
675,33677,89,1
676,33678,89,1
677,13202,89,1
678,11172,89,1
679,11174,89,1
680,11182,89,1
681,11184,89,1
682,11186,89,1
683,11188,89,1
684,11190,89,1
685,11196,89,1
686,11198,89,1
687,11200,89,1
688,11202,89,1
689,52254,89,1
690,52267,89,1
691,33869,89,1
692,33875,89,1
693,33877,89,1
694,33879,89,1
695,11365,89,1
696,11371,89,1
697,11377,89,1
698,11387,89,1
699,11393,89,1
700,72869,89,1
701,72872,89,1
702,72907,89,1
703,72913,89,1
704,33657,89,1
705,37481,89,1
706,85229,89,1
707,85236,89,1
708,42245,89,1
709,42246,89,1
710,29986,89,1
711,29988,89,1
712,29990,89,1
713,17703,89,1
714,17709,89,1
715,17713,89,1
716,17722,89,1
717,17726,89,1
718,17728,89,1
719,17732,89,1
720,34118,89,1
721,17740,89,1
722,58745,89,1
723,17841,89,1
724,17843,89,1
725,77726,89,1
726,3516,89,1
727,3518,89,1
728,74316,89,1
729,32207,89,1
730,32209,89,1
731,37456,89,1
732,37457,89,1
733,48635,89,1
734,48636,89,1
735,17920,89,1
736,17922,89,1
737,17926,89,1
738,89607,89,1
739,17928,89,1
740,34317,89,1
741,32305,89,1
742,32307,89,1
743,32311,89,1
744,2998,89,1
745,44993,89,1
746,44996,89,1
747,20125,89,1
748,11936,89,1
749,11938,89,1
750,11940,89,1
751,11942,89,1
752,3756,89,1
753,78414,89,1
754,11965,89,1
755,11969,89,1
756,11971,89,1
757,11987,89,1
758,11989,89,1
759,12003,89,1
760,12005,89,1
761,12015,89,1
762,12017,89,1
763,12019,89,1
764,12021,89,1
765,12023,89,1
766,12038,89,1
767,12042,89,1
768,12044,89,1
769,77114,89,1
770,16229,89,1
771,16233,89,1
772,16236,89,1
773,16240,89,1
774,22428,89,1
775,22430,89,1
776,22440,89,1
777,22442,89,1
778,22448,89,1
779,22452,89,1
780,22460,89,1
781,29344,89,1
782,22466,89,1
783,44995,89,1
784,22474,89,1
785,2006,89,1
786,28659,89,1
787,28661,89,1
788,73790,90,1
789,73792,90,1
790,23919,90,1
791,671,90,1
792,37604,90,1
793,37607,90,1
794,77281,90,1
795,42124,90,1
796,42125,90,1
797,42126,90,1
798,23757,90,1
799,42241,90,1
800,42242,90,1
801,42243,90,1
802,19720,90,1
803,19724,90,1
804,11567,90,1
805,23911,90,1
806,23913,90,1
807,77283,90,1
808,52907,90,1
809,49712,91,1
810,49713,91,1
811,590,91,1
812,592,91,1
813,37459,91,1
814,625,91,1
815,634,91,1
816,42245,91,1
817,29986,91,1
818,29988,91,1
819,37457,91,1
820,11987,91,1
821,11989,91,1
822,37604,92,1
823,37606,92,1
824,37607,92,1
825,42242,92,1
826,73789,93,1
827,73790,93,1
828,32874,93,1
829,2161,93,1
830,24692,93,1
831,24696,93,1
832,52250,93,1
833,47269,93,1
834,47270,93,1
835,47271,93,1
836,52252,93,1
837,4302,93,1
838,32987,93,1
839,33079,93,1
840,33155,93,1
841,37453,93,1
842,33190,93,1
843,49710,93,1
844,49711,93,1
845,49712,93,1
846,49713,93,1
847,29248,93,1
848,589,93,1
849,590,93,1
850,591,93,1
851,596,93,1
852,597,93,1
853,615,93,1
854,624,93,1
855,625,93,1
856,628,93,1
857,642,93,1
858,643,93,1
859,29337,93,1
860,37604,93,1
861,33623,93,1
862,33625,93,1
863,88001,93,1
864,33639,93,1
865,33641,93,1
866,33655,93,1
867,11184,93,1
868,11186,93,1
869,11188,93,1
870,11190,93,1
871,35779,93,1
872,35781,93,1
873,52254,93,1
874,52267,93,1
875,33875,93,1
876,33879,93,1
877,11365,93,1
878,11393,93,1
879,72872,93,1
880,72907,93,1
881,23757,93,1
882,33657,93,1
883,37481,93,1
884,42242,93,1
885,42243,93,1
886,42245,93,1
887,42246,93,1
888,19720,93,1
889,29986,93,1
890,17703,93,1
891,17709,93,1
892,17718,93,1
893,17726,93,1
894,17736,93,1
895,58745,93,1
896,3516,93,1
897,3518,93,1
898,77283,93,1
899,37457,93,1
900,48635,93,1
901,48636,93,1
902,17920,93,1
903,17922,93,1
904,17924,93,1
905,17926,93,1
906,34317,93,1
907,32305,93,1
908,20125,93,1
909,11936,93,1
910,11938,93,1
911,11940,93,1
912,11942,93,1
913,52907,93,1
914,11965,93,1
915,11987,93,1
916,12003,93,1
917,12017,93,1
918,12019,93,1
919,12038,93,1
920,16233,93,1
921,16236,93,1
922,22428,93,1
923,22448,93,1
924,22452,93,1
925,22474,93,1
926,2006,93,1
927,28659,93,1
928,34828,94,1
929,22544,94,1
930,22546,94,1
931,22548,94,1
932,32790,94,1
933,32811,94,1
934,73789,94,1
935,73794,94,1
936,73795,94,1
937,73796,94,1
938,32840,94,1
939,32842,94,1
940,32844,94,1
941,32846,94,1
942,32848,94,1
943,32872,94,1
944,32874,94,1
945,32876,94,1
946,32878,94,1
947,42685,94,1
948,2161,94,1
949,24696,94,1
950,32788,94,1
951,24700,94,1
952,24702,94,1
953,52250,94,1
954,47269,94,1
955,47270,94,1
956,47271,94,1
957,52252,94,1
958,4302,94,1
959,4306,94,1
960,4308,94,1
961,4310,94,1
962,32983,94,1
963,32985,94,1
964,32987,94,1
965,32989,94,1
966,4363,94,1
967,37135,94,1
968,4388,94,1
969,33079,94,1
970,33081,94,1
971,33083,94,1
972,33099,94,1
973,33151,94,1
974,33153,94,1
975,33155,94,1
976,33157,94,1
977,74141,94,1
978,37453,94,1
979,85062,94,1
980,33190,94,1
981,12729,94,1
982,12731,94,1
983,12733,94,1
984,12735,94,1
985,12743,94,1
986,12745,94,1
987,12747,94,1
988,12753,94,1
989,45530,94,1
990,45531,94,1
991,35683,94,1
992,78333,94,1
993,34562,94,1
994,78366,94,1
995,78367,94,1
996,78369,94,1
997,49710,94,1
998,49711,94,1
999,49712,94,1
1000,49713,94,1
1001,37458,94,1
1002,29248,94,1
1003,582,94,1
1004,583,94,1
1005,584,94,1
1006,585,94,1
1007,586,94,1
1008,587,94,1
1009,588,94,1
1010,589,94,1
1011,590,94,1
1012,591,94,1
1013,592,94,1
1014,593,94,1
1015,594,94,1
1016,37459,94,1
1017,596,94,1
1018,597,94,1
1019,598,94,1
1020,599,94,1
1021,601,94,1
1022,602,94,1
1023,603,94,1
1024,605,94,1
1025,606,94,1
1026,607,94,1
1027,608,94,1
1028,609,94,1
1029,615,94,1
1030,37480,94,1
1031,617,94,1
1032,37482,94,1
1033,37483,94,1
1034,620,94,1
1035,621,94,1
1036,622,94,1
1037,623,94,1
1038,624,94,1
1039,625,94,1
1040,626,94,1
1041,627,94,1
1042,628,94,1
1043,629,94,1
1044,630,94,1
1045,631,94,1
1046,632,94,1
1047,633,94,1
1048,634,94,1
1049,648,94,1
1050,649,94,1
1051,650,94,1
1052,651,94,1
1053,652,94,1
1054,653,94,1
1055,654,94,1
1056,655,94,1
1057,656,94,1
1058,657,94,1
1059,29336,94,1
1060,29337,94,1
1061,29340,94,1
1062,32880,94,1
1063,33468,94,1
1064,33470,94,1
1065,54732,94,1
1066,24698,94,1
1067,11011,94,1
1068,33553,94,1
1069,2834,94,1
1070,2836,94,1
1071,88001,94,1
1072,33639,94,1
1073,33641,94,1
1074,33643,94,1
1075,33645,94,1
1076,33647,94,1
1077,33649,94,1
1078,33651,94,1
1079,33653,94,1
1080,33655,94,1
1081,33659,94,1
1082,33661,94,1
1083,33663,94,1
1084,33665,94,1
1085,33667,94,1
1086,33669,94,1
1087,33673,94,1
1088,33675,94,1
1089,33677,94,1
1090,33678,94,1
1091,33683,94,1
1092,33685,94,1
1093,33689,94,1
1094,33691,94,1
1095,33693,94,1
1096,33695,94,1
1097,33697,94,1
1098,11172,94,1
1099,11174,94,1
1100,11176,94,1
1101,11178,94,1
1102,11182,94,1
1103,11184,94,1
1104,11186,94,1
1105,11188,94,1
1106,11190,94,1
1107,11192,94,1
1108,11194,94,1
1109,11196,94,1
1110,11198,94,1
1111,11200,94,1
1112,11202,94,1
1113,35779,94,1
1114,35781,94,1
1115,33816,94,1
1116,33818,94,1
1117,52254,94,1
1118,91174,94,1
1119,52267,94,1
1120,17476,94,1
1121,17478,94,1
1122,17480,94,1
1123,33869,94,1
1124,33871,94,1
1125,33873,94,1
1126,33875,94,1
1127,33877,94,1
1128,33879,94,1
1129,33881,94,1
1130,33883,94,1
1131,85086,94,1
1132,85087,94,1
1133,11365,94,1
1134,11371,94,1
1135,72812,94,1
1136,81008,94,1
1137,11377,94,1
1138,11379,94,1
1139,11381,94,1
1140,11387,94,1
1141,11393,94,1
1142,11400,94,1
1143,81046,94,1
1144,81047,94,1
1145,89240,94,1
1146,72869,94,1
1147,72872,94,1
1148,89649,94,1
1149,72903,94,1
1150,72904,94,1
1151,72907,94,1
1152,72913,94,1
1153,17619,94,1
1154,33657,94,1
1155,17634,94,1
1156,37481,94,1
1157,85229,94,1
1158,42244,94,1
1159,42245,94,1
1160,42246,94,1
1161,19744,94,1
1162,29986,94,1
1163,29988,94,1
1164,29990,94,1
1165,17703,94,1
1166,17709,94,1
1167,17713,94,1
1168,17715,94,1
1169,17718,94,1
1170,17720,94,1
1171,17722,94,1
1172,60764,94,1
1173,60765,94,1
1174,29984,94,1
1175,72811,94,1
1176,58745,94,1
1177,17812,94,1
1178,17841,94,1
1179,17843,94,1
1180,77726,94,1
1181,3516,94,1
1182,3518,94,1
1183,74316,94,1
1184,54731,94,1
1185,54733,94,1
1186,32207,94,1
1187,32209,94,1
1188,37454,94,1
1189,37455,94,1
1190,37456,94,1
1191,37457,94,1
1192,37460,94,1
1193,48635,94,1
1194,48636,94,1
1195,17922,94,1
1196,17924,94,1
1197,17926,94,1
1198,89607,94,1
1199,17928,94,1
1200,17930,94,1
1201,17932,94,1
1202,34317,94,1
1203,89647,94,1
1204,89648,94,1
1205,2998,94,1
1206,44993,94,1
1207,20125,94,1
1208,11940,94,1
1209,11942,94,1
1210,3756,94,1
1211,33395,94,1
1212,11957,94,1
1213,3766,94,1
1214,11959,94,1
1215,11961,94,1
1216,11963,94,1
1217,78414,94,1
1218,11965,94,1
1219,33397,94,1
1220,11969,94,1
1221,11971,94,1
1222,11978,94,1
1223,89807,94,1
1224,89808,94,1
1225,11985,94,1
1226,11987,94,1
1227,11989,94,1
1228,11993,94,1
1229,11995,94,1
1230,11999,94,1
1231,12003,94,1
1232,12005,94,1
1233,12011,94,1
1234,12013,94,1
1235,12017,94,1
1236,12019,94,1
1237,12021,94,1
1238,12023,94,1
1239,12032,94,1
1240,12034,94,1
1241,12038,94,1
1242,12042,94,1
1243,12044,94,1
1244,34590,94,1
1245,77114,94,1
1246,16227,94,1
1247,16229,94,1
1248,16231,94,1
1249,16233,94,1
1250,16236,94,1
1251,16238,94,1
1252,16240,94,1
1253,16242,94,1
1254,1944,94,1
1255,22442,94,1
1256,22444,94,1
1257,22446,94,1
1258,22448,94,1
1259,22452,94,1
1260,22456,94,1
1261,22460,94,1
1262,28606,94,1
1263,22464,94,1
1264,29344,94,1
1265,22466,94,1
1266,44995,94,1
1267,22468,94,1
1268,22470,94,1
1269,22474,94,1
1270,2006,94,1
1271,73787,95,1
1272,73790,95,1
1273,73792,95,1
1274,73793,95,1
1275,23919,95,1
1276,22852,95,1
1277,45645,95,1
1278,671,95,1
1279,45647,95,1
1280,37604,95,1
1281,37605,95,1
1282,37606,95,1
1283,37607,95,1
1284,78576,95,1
1285,45649,95,1
1286,77281,95,1
1287,33687,95,1
1288,42124,95,1
1289,42125,95,1
1290,42126,95,1
1291,23757,95,1
1292,23773,95,1
1293,42241,95,1
1294,42242,95,1
1295,42243,95,1
1296,19720,95,1
1297,19722,95,1
1298,19724,95,1
1299,19726,95,1
1300,11567,95,1
1301,87381,95,1
1302,23911,95,1
1303,23913,95,1
1304,23915,95,1
1305,23917,95,1
1306,3514,95,1
1307,77283,95,1
1308,77284,95,1
1309,77288,95,1
1310,52907,95,1
1311,3764,95,1
1312,28352,95,1
1313,24483,95,1
1314,34828,96,1
1315,22544,96,1
1316,22546,96,1
1317,22548,96,1
1318,32790,96,1
1319,28710,96,1
1320,32811,96,1
1321,73787,96,1
1322,73789,96,1
1323,73790,96,1
1324,73792,96,1
1325,73793,96,1
1326,73794,96,1
1327,73795,96,1
1328,73796,96,1
1329,32840,96,1
1330,32842,96,1
1331,32844,96,1
1332,32846,96,1
1333,32848,96,1
1334,32872,96,1
1335,32874,96,1
1336,34151,96,1
1337,32876,96,1
1338,32878,96,1
1339,42685,96,1
1340,24688,96,1
1341,2161,96,1
1342,24690,96,1
1343,24692,96,1
1344,24694,96,1
1345,24696,96,1
1346,32788,96,1
1347,24700,96,1
1348,24702,96,1
1349,23919,96,1
1350,52250,96,1
1351,47269,96,1
1352,47270,96,1
1353,47271,96,1
1354,52252,96,1
1355,4302,96,1
1356,4306,96,1
1357,4308,96,1
1358,4310,96,1
1359,32983,96,1
1360,26840,96,1
1361,32985,96,1
1362,26842,96,1
1363,32987,96,1
1364,32989,96,1
1365,4363,96,1
1366,37135,96,1
1367,4388,96,1
1368,33079,96,1
1369,33081,96,1
1370,33083,96,1
1371,22852,96,1
1372,33099,96,1
1373,47466,96,1
1374,33151,96,1
1375,33153,96,1
1376,33155,96,1
1377,33157,96,1
1378,74141,96,1
1379,37453,96,1
1380,85062,96,1
1381,33190,96,1
1382,12729,96,1
1383,12731,96,1
1384,12733,96,1
1385,12735,96,1
1386,12743,96,1
1387,12745,96,1
1388,12747,96,1
1389,12753,96,1
1390,45530,96,1
1391,45531,96,1
1392,45534,96,1
1393,35683,96,1
1394,78333,96,1
1395,34562,96,1
1396,78366,96,1
1397,78367,96,1
1398,78369,96,1
1399,49710,96,1
1400,49711,96,1
1401,49712,96,1
1402,49713,96,1
1403,37458,96,1
1404,29248,96,1
1405,582,96,1
1406,583,96,1
1407,584,96,1
1408,585,96,1
1409,586,96,1
1410,587,96,1
1411,588,96,1
1412,589,96,1
1413,590,96,1
1414,591,96,1
1415,592,96,1
1416,593,96,1
1417,594,96,1
1418,37459,96,1
1419,596,96,1
1420,597,96,1
1421,598,96,1
1422,599,96,1
1423,601,96,1
1424,602,96,1
1425,603,96,1
1426,605,96,1
1427,606,96,1
1428,607,96,1
1429,608,96,1
1430,609,96,1
1431,615,96,1
1432,37480,96,1
1433,617,96,1
1434,37482,96,1
1435,37483,96,1
1436,620,96,1
1437,621,96,1
1438,622,96,1
1439,623,96,1
1440,624,96,1
1441,625,96,1
1442,626,96,1
1443,627,96,1
1444,628,96,1
1445,629,96,1
1446,630,96,1
1447,631,96,1
1448,632,96,1
1449,633,96,1
1450,634,96,1
1451,638,96,1
1452,639,96,1
1453,640,96,1
1454,641,96,1
1455,642,96,1
1456,643,96,1
1457,644,96,1
1458,645,96,1
1459,648,96,1
1460,649,96,1
1461,650,96,1
1462,651,96,1
1463,652,96,1
1464,653,96,1
1465,654,96,1
1466,655,96,1
1467,656,96,1
1468,657,96,1
1469,29336,96,1
1470,29337,96,1
1471,29340,96,1
1472,45645,96,1
1473,671,96,1
1474,32880,96,1
1475,33468,96,1
1476,33470,96,1
1477,33472,96,1
1478,54732,96,1
1479,45647,96,1
1480,24698,96,1
1481,37604,96,1
1482,37605,96,1
1483,37606,96,1
1484,37607,96,1
1485,78576,96,1
1486,11011,96,1
1487,33553,96,1
1488,2834,96,1
1489,2836,96,1
1490,45649,96,1
1491,77281,96,1
1492,33623,96,1
1493,33625,96,1
1494,33627,96,1
1495,33629,96,1
1496,33631,96,1
1497,33633,96,1
1498,88001,96,1
1499,33635,96,1
1500,33637,96,1
1501,33639,96,1
1502,33641,96,1
1503,33643,96,1
1504,33645,96,1
1505,33647,96,1
1506,33649,96,1
1507,33651,96,1
1508,33653,96,1
1509,33655,96,1
1510,33659,96,1
1511,33661,96,1
1512,33663,96,1
1513,33665,96,1
1514,33667,96,1
1515,33669,96,1
1516,33673,96,1
1517,33675,96,1
1518,33677,96,1
1519,33678,96,1
1520,13202,96,1
1521,33683,96,1
1522,33685,96,1
1523,33687,96,1
1524,33689,96,1
1525,33691,96,1
1526,33693,96,1
1527,33695,96,1
1528,33697,96,1
1529,11172,96,1
1530,11174,96,1
1531,11176,96,1
1532,11178,96,1
1533,11182,96,1
1534,11184,96,1
1535,11186,96,1
1536,11188,96,1
1537,11190,96,1
1538,11192,96,1
1539,11194,96,1
1540,11196,96,1
1541,11198,96,1
1542,11200,96,1
1543,11202,96,1
1544,35779,96,1
1545,35781,96,1
1546,33816,96,1
1547,33818,96,1
1548,33820,96,1
1549,52254,96,1
1550,91174,96,1
1551,52267,96,1
1552,17476,96,1
1553,17478,96,1
1554,17480,96,1
1555,33869,96,1
1556,33871,96,1
1557,33873,96,1
1558,33875,96,1
1559,33877,96,1
1560,33879,96,1
1561,33881,96,1
1562,33883,96,1
1563,85086,96,1
1564,85087,96,1
1565,11365,96,1
1566,11371,96,1
1567,72812,96,1
1568,81008,96,1
1569,11377,96,1
1570,11379,96,1
1571,11381,96,1
1572,11387,96,1
1573,11393,96,1
1574,11400,96,1
1575,42124,96,1
1576,42125,96,1
1577,42126,96,1
1578,81046,96,1
1579,81047,96,1
1580,89240,96,1
1581,72869,96,1
1582,72872,96,1
1583,89649,96,1
1584,72903,96,1
1585,72904,96,1
1586,72907,96,1
1587,23757,96,1
1588,72913,96,1
1589,17619,96,1
1590,33657,96,1
1591,23773,96,1
1592,17634,96,1
1593,17636,96,1
1594,37481,96,1
1595,85229,96,1
1596,85236,96,1
1597,42241,96,1
1598,42242,96,1
1599,42243,96,1
1600,42244,96,1
1601,42245,96,1
1602,42246,96,1
1603,19720,96,1
1604,19722,96,1
1605,19724,96,1
1606,19726,96,1
1607,19744,96,1
1608,29986,96,1
1609,29988,96,1
1610,29990,96,1
1611,17703,96,1
1612,17709,96,1
1613,11567,96,1
1614,17713,96,1
1615,17715,96,1
1616,17718,96,1
1617,17720,96,1
1618,17722,96,1
1619,17726,96,1
1620,17728,96,1
1621,17732,96,1
1622,34118,96,1
1623,17736,96,1
1624,17738,96,1
1625,17740,96,1
1626,87381,96,1
1627,60764,96,1
1628,60765,96,1
1629,23911,96,1
1630,23913,96,1
1631,23915,96,1
1632,23917,96,1
1633,29984,96,1
1634,72811,96,1
1635,58745,96,1
1636,17812,96,1
1637,17841,96,1
1638,17843,96,1
1639,77726,96,1
1640,3514,96,1
1641,3516,96,1
1642,3518,96,1
1643,74316,96,1
1644,54731,96,1
1645,54733,96,1
1646,32207,96,1
1647,32209,96,1
1648,37454,96,1
1649,37455,96,1
1650,37456,96,1
1651,77283,96,1
1652,77284,96,1
1653,37457,96,1
1654,77288,96,1
1655,37460,96,1
1656,48635,96,1
1657,48636,96,1
1658,17918,96,1
1659,17920,96,1
1660,17922,96,1
1661,17924,96,1
1662,17926,96,1
1663,89607,96,1
1664,17928,96,1
1665,17930,96,1
1666,17932,96,1
1667,34317,96,1
1668,89647,96,1
1669,89648,96,1
1670,32305,96,1
1671,32307,96,1
1672,32309,96,1
1673,32311,96,1
1674,2998,96,1
1675,44993,96,1
1676,44996,96,1
1677,47727,96,1
1678,20125,96,1
1679,11936,96,1
1680,47728,96,1
1681,11938,96,1
1682,11940,96,1
1683,11942,96,1
1684,52907,96,1
1685,3756,96,1
1686,33395,96,1
1687,3764,96,1
1688,11957,96,1
1689,3766,96,1
1690,11959,96,1
1691,11961,96,1
1692,11963,96,1
1693,78414,96,1
1694,11965,96,1
1695,33397,96,1
1696,28352,96,1
1697,11969,96,1
1698,11971,96,1
1699,11978,96,1
1700,89807,96,1
1701,89808,96,1
1702,11985,96,1
1703,11987,96,1
1704,11989,96,1
1705,11993,96,1
1706,11995,96,1
1707,11999,96,1
1708,12003,96,1
1709,12005,96,1
1710,12011,96,1
1711,12013,96,1
1712,12015,96,1
1713,12017,96,1
1714,12019,96,1
1715,12021,96,1
1716,12023,96,1
1717,12032,96,1
1718,12034,96,1
1719,12038,96,1
1720,12042,96,1
1721,12044,96,1
1722,34590,96,1
1723,77114,96,1
1724,16227,96,1
1725,16229,96,1
1726,16231,96,1
1727,16233,96,1
1728,16236,96,1
1729,16238,96,1
1730,16240,96,1
1731,16242,96,1
1732,1944,96,1
1733,22428,96,1
1734,22430,96,1
1735,24483,96,1
1736,22436,96,1
1737,4005,96,1
1738,22440,96,1
1739,22442,96,1
1740,22444,96,1
1741,22446,96,1
1742,22448,96,1
1743,22452,96,1
1744,22456,96,1
1745,22460,96,1
1746,28606,96,1
1747,22464,96,1
1748,29344,96,1
1749,22466,96,1
1750,44995,96,1
1751,22468,96,1
1752,22470,96,1
1753,22474,96,1
1754,2006,96,1
1755,28659,96,1
1756,28661,96,1
1757,28665,96,1
1758,32790,97,1
1759,32874,97,1
1760,52250,97,1
1761,47269,97,1
1762,47270,97,1
1763,47271,97,1
1764,52252,97,1
1765,33079,97,1
1766,49710,97,1
1767,49711,97,1
1768,620,97,1
1769,625,97,1
1770,643,97,1
1771,88001,97,1
1772,11190,97,1
1773,52254,97,1
1774,42241,97,1
1775,42243,97,1
1776,42245,97,1
1777,42246,97,1
1778,29986,97,1
1779,29990,97,1
1780,29984,97,1
1781,3516,97,1
1782,3518,97,1
1783,48635,97,1
1784,48636,97,1
1785,17920,97,1
1786,17922,97,1
1787,17926,97,1
1788,20125,97,1
1789,52907,97,1
1790,11965,97,1
1791,11985,97,1
1792,11987,97,1
1793,45645,98,1
1794,37604,98,1
1795,37605,98,1
1796,42242,98,1
1797,34828,99,1
1798,73789,99,1
1799,73794,99,1
1800,73795,99,1
1801,73796,99,1
1802,32840,99,1
1803,32842,99,1
1804,32844,99,1
1805,32846,99,1
1806,32848,99,1
1807,32872,99,1
1808,32874,99,1
1809,34151,99,1
1810,32876,99,1
1811,32878,99,1
1812,42685,99,1
1813,24688,99,1
1814,24690,99,1
1815,24692,99,1
1816,24694,99,1
1817,24696,99,1
1818,32788,99,1
1819,24700,99,1
1820,24702,99,1
1821,52250,99,1
1822,47269,99,1
1823,47270,99,1
1824,47271,99,1
1825,52252,99,1
1826,4308,99,1
1827,4310,99,1
1828,26840,99,1
1829,26842,99,1
1830,37135,99,1
1831,33079,99,1
1832,33081,99,1
1833,33083,99,1
1834,33099,99,1
1835,47466,99,1
1836,33151,99,1
1837,33153,99,1
1838,33155,99,1
1839,33157,99,1
1840,74141,99,1
1841,37453,99,1
1842,45530,99,1
1843,45531,99,1
1844,35683,99,1
1845,78333,99,1
1846,34562,99,1
1847,78366,99,1
1848,78367,99,1
1849,78369,99,1
1850,49710,99,1
1851,49711,99,1
1852,583,99,1
1853,585,99,1
1854,587,99,1
1855,588,99,1
1856,589,99,1
1857,591,99,1
1858,593,99,1
1859,594,99,1
1860,596,99,1
1861,597,99,1
1862,598,99,1
1863,601,99,1
1864,602,99,1
1865,603,99,1
1866,606,99,1
1867,608,99,1
1868,615,99,1
1869,37480,99,1
1870,617,99,1
1871,37482,99,1
1872,37483,99,1
1873,621,99,1
1874,622,99,1
1875,623,99,1
1876,624,99,1
1877,626,99,1
1878,627,99,1
1879,629,99,1
1880,638,99,1
1881,639,99,1
1882,641,99,1
1883,642,99,1
1884,643,99,1
1885,644,99,1
1886,645,99,1
1887,29336,99,1
1888,29337,99,1
1889,29340,99,1
1890,32880,99,1
1891,33468,99,1
1892,33470,99,1
1893,33472,99,1
1894,54732,99,1
1895,24698,99,1
1896,11011,99,1
1897,33553,99,1
1898,2834,99,1
1899,2836,99,1
1900,33623,99,1
1901,33625,99,1
1902,33627,99,1
1903,33629,99,1
1904,33631,99,1
1905,33633,99,1
1906,88001,99,1
1907,33635,99,1
1908,33637,99,1
1909,33639,99,1
1910,33641,99,1
1911,33643,99,1
1912,33645,99,1
1913,33647,99,1
1914,33649,99,1
1915,33651,99,1
1916,33653,99,1
1917,33655,99,1
1918,33659,99,1
1919,33661,99,1
1920,33663,99,1
1921,33665,99,1
1922,33667,99,1
1923,33669,99,1
1924,33673,99,1
1925,33675,99,1
1926,33677,99,1
1927,33678,99,1
1928,13202,99,1
1929,33697,99,1
1930,11176,99,1
1931,11178,99,1
1932,11184,99,1
1933,11186,99,1
1934,11196,99,1
1935,11198,99,1
1936,11200,99,1
1937,11202,99,1
1938,35779,99,1
1939,35781,99,1
1940,33816,99,1
1941,33818,99,1
1942,33820,99,1
1943,52254,99,1
1944,91174,99,1
1945,52267,99,1
1946,33869,99,1
1947,33871,99,1
1948,33873,99,1
1949,33877,99,1
1950,33879,99,1
1951,33881,99,1
1952,33883,99,1
1953,85086,99,1
1954,85087,99,1
1955,11365,99,1
1956,11371,99,1
1957,72812,99,1
1958,11379,99,1
1959,11381,99,1
1960,11387,99,1
1961,11393,99,1
1962,11400,99,1
1963,42124,99,1
1964,42126,99,1
1965,89240,99,1
1966,72869,99,1
1967,89649,99,1
1968,17619,99,1
1969,33657,99,1
1970,17634,99,1
1971,17636,99,1
1972,37481,99,1
1973,85229,99,1
1974,85236,99,1
1975,42246,99,1
1976,29986,99,1
1977,29988,99,1
1978,29990,99,1
1979,17703,99,1
1980,17709,99,1
1981,17713,99,1
1982,17715,99,1
1983,17718,99,1
1984,17720,99,1
1985,17722,99,1
1986,17726,99,1
1987,17728,99,1
1988,17732,99,1
1989,34118,99,1
1990,17736,99,1
1991,17738,99,1
1992,17740,99,1
1993,60764,99,1
1994,60765,99,1
1995,29984,99,1
1996,72811,99,1
1997,58745,99,1
1998,17812,99,1
1999,17841,99,1
2000,17843,99,1
2001,77726,99,1
2002,3516,99,1
2003,3518,99,1
2004,74316,99,1
2005,54731,99,1
2006,54733,99,1
2007,32207,99,1
2008,32209,99,1
2009,37454,99,1
2010,37455,99,1
2011,37456,99,1
2012,48635,99,1
2013,48636,99,1
2014,17918,99,1
2015,17920,99,1
2016,17922,99,1
2017,17924,99,1
2018,17926,99,1
2019,89607,99,1
2020,17928,99,1
2021,17930,99,1
2022,17932,99,1
2023,34317,99,1
2024,89647,99,1
2025,89648,99,1
2026,32305,99,1
2027,32307,99,1
2028,32309,99,1
2029,32311,99,1
2030,44996,99,1
2031,47727,99,1
2032,11936,99,1
2033,47728,99,1
2034,11938,99,1
2035,11940,99,1
2036,11942,99,1
2037,3756,99,1
2038,33395,99,1
2039,11959,99,1
2040,11961,99,1
2041,11963,99,1
2042,78414,99,1
2043,33397,99,1
2044,11969,99,1
2045,11971,99,1
2046,89808,99,1
2047,11993,99,1
2048,11995,99,1
2049,11999,99,1
2050,12003,99,1
2051,12005,99,1
2052,12011,99,1
2053,12013,99,1
2054,12015,99,1
2055,12017,99,1
2056,12019,99,1
2057,12021,99,1
2058,12023,99,1
2059,12042,99,1
2060,12044,99,1
2061,77114,99,1
2062,16227,99,1
2063,16229,99,1
2064,16231,99,1
2065,16236,99,1
2066,16238,99,1
2067,16240,99,1
2068,16242,99,1
2069,22428,99,1
2070,22430,99,1
2071,22440,99,1
2072,22442,99,1
2073,22444,99,1
2074,22446,99,1
2075,22448,99,1
2076,22452,99,1
2077,22456,99,1
2078,22460,99,1
2079,22464,99,1
2080,29344,99,1
2081,22466,99,1
2082,44995,99,1
2083,22468,99,1
2084,22470,99,1
2085,22474,99,1
2086,2006,99,1
2087,28659,99,1
2088,28661,99,1
2089,28665,99,1
2090,584,100,1
2091,601,100,1
2092,632,100,1
2093,640,100,1
2094,33675,100,1
2095,11194,100,1
2096,29984,100,1
2097,37455,100,1
2098,11957,100,1
2099,11959,100,1
2100,22436,100,1
2101,4005,100,1
2102,606,101,1
2103,609,101,1
2104,633,101,1
2105,11174,101,1
2106,11969,101,1
2107,11971,101,1
2108,2161,102,1
2109,37453,102,1
2110,596,102,1
2111,628,102,1
2112,11190,102,1
2113,58745,102,1
2114,20125,102,1
2115,11965,102,1
2116,28710,103,1
2117,588,103,1
2118,630,103,1
2119,11387,103,1
2120,33395,103,1
2121,3766,103,1
2122,11961,103,1
2123,11963,103,1
2124,2078,104,1
2125,42685,104,1
2126,32983,104,1
2127,32985,104,1
2128,32987,104,1
2129,32989,104,1
2130,47466,104,1
2131,85062,104,1
2132,33190,104,1
2133,29248,104,1
2134,586,104,1
2135,605,104,1
2136,607,104,1
2137,33468,104,1
2138,33470,104,1
2139,33472,104,1
2140,33553,104,1
2141,11172,104,1
2142,11182,104,1
2143,11188,104,1
2144,11192,104,1
2145,72903,104,1
2146,72904,104,1
2147,72907,104,1
2148,72913,104,1
2149,29986,104,1
2150,29988,104,1
2151,29990,104,1
2152,29984,104,1
2153,3532,104,1
2154,89607,104,1
2155,44993,104,1
2156,3756,104,1
2157,33397,104,1
2158,77114,104,1
2159,32983,105,1
2160,32985,105,1
2161,32987,105,1
2162,32989,105,1
2163,33190,105,1
2164,29248,105,1
2165,586,105,1
2166,605,105,1
2167,607,105,1
2168,33468,105,1
2169,33470,105,1
2170,33472,105,1
2171,33553,105,1
2172,72903,105,1
2173,72904,105,1
2174,72907,105,1
2175,72913,105,1
2176,89607,105,1
2177,77114,105,1
2178,22544,106,1
2179,22546,106,1
2180,22548,106,1
2181,37135,106,1
2182,33683,106,1
2183,33697,106,1
2184,91174,106,1
2185,17476,106,1
2186,17478,106,1
2187,17480,106,1
2188,32983,107,1
2189,32985,107,1
2190,32987,107,1
2191,32989,107,1
2192,33190,107,1
2193,29248,107,1
2194,586,107,1
2195,605,107,1
2196,607,107,1
2197,72903,107,1
2198,72904,107,1
2199,72907,107,1
2200,72913,107,1
2201,2998,107,1
2202,32790,108,1
2203,37135,108,1
2204,85062,108,1
2205,12729,108,1
2206,12733,108,1
2207,12735,108,1
2208,12743,108,1
2209,45530,108,1
2210,45531,108,1
2211,33468,108,1
2212,33470,108,1
2213,33553,108,1
2214,33697,108,1
2215,11172,108,1
2216,11182,108,1
2217,11188,108,1
2218,11192,108,1
2219,85086,108,1
2220,85087,108,1
2221,11377,108,1
2222,81046,108,1
2223,85229,108,1
2224,85236,108,1
2225,29986,108,1
2226,29988,108,1
2227,29990,108,1
2228,29984,108,1
2229,89607,108,1
2230,44993,108,1
2231,44996,108,1
2232,33395,108,1
2233,11957,108,1
2234,11963,108,1
2235,11965,108,1
2236,33397,108,1
2237,11969,108,1
2238,12032,108,1
2239,12034,108,1
2240,12038,108,1
2241,34590,108,1
2242,77114,108,1
2243,22428,108,1
2244,22430,108,1
2245,22436,108,1
2246,22440,108,1
2247,44995,108,1
2248,24696,109,1
2249,24700,109,1
2250,24702,109,1
2251,23919,109,1
2252,22852,109,1
2253,33151,109,1
2254,33153,109,1
2255,33155,109,1
2256,33157,109,1
2257,78366,109,1
2258,78369,109,1
2259,37480,109,1
2260,37482,109,1
2261,37483,109,1
2262,45645,109,1
2263,671,109,1
2264,24698,109,1
2265,37604,109,1
2266,37605,109,1
2267,37606,109,1
2268,37607,109,1
2269,78576,109,1
2270,45649,109,1
2271,33869,109,1
2272,33871,109,1
2273,33873,109,1
2274,33875,109,1
2275,85086,109,1
2276,72812,109,1
2277,42125,109,1
2278,42126,109,1
2279,72869,109,1
2280,72872,109,1
2281,89649,109,1
2282,23757,109,1
2283,23773,109,1
2284,37481,109,1
2285,42241,109,1
2286,42242,109,1
2287,29986,109,1
2288,29988,109,1
2289,29990,109,1
2290,11567,109,1
2291,23911,109,1
2292,23913,109,1
2293,23915,109,1
2294,23917,109,1
2295,29984,109,1
2296,72811,109,1
2297,3514,109,1
2298,89607,109,1
2299,3756,109,1
2300,3764,109,1
2301,89808,109,1
2302,16227,109,1
2303,16229,109,1
2304,16231,109,1
2305,16233,109,1
2306,24483,109,1
2307,22442,109,1
2308,22444,109,1
2309,22446,109,1
2310,22448,109,1
2311,22466,109,1
2312,22468,109,1
2313,22470,109,1
2314,22474,109,1
2315,33685,110,1
2316,33687,110,1
2317,89649,110,1
2318,42244,110,1
2319,28352,110,1
2320,28606,110,1
2321,2078,117,1
2322,32811,117,1
2323,73789,117,1
2324,73790,117,1
2325,73792,117,1
2326,73796,117,1
2327,32840,117,1
2328,32842,117,1
2329,32844,117,1
2330,32846,117,1
2331,32848,117,1
2332,32872,117,1
2333,32874,117,1
2334,2161,117,1
2335,24690,117,1
2336,24692,117,1
2337,24696,117,1
2338,30842,117,1
2339,24700,117,1
2340,24702,117,1
2341,34496,117,1
2342,23919,117,1
2343,28844,117,1
2344,28846,117,1
2345,28848,117,1
2346,28850,117,1
2347,4302,117,1
2348,4308,117,1
2349,32985,117,1
2350,32987,117,1
2351,4363,117,1
2352,20185,117,1
2353,20187,117,1
2354,4388,117,1
2355,33079,117,1
2356,33083,117,1
2357,33151,117,1
2358,33155,117,1
2359,33157,117,1
2360,37453,117,1
2361,33190,117,1
2362,12729,117,1
2363,12731,117,1
2364,12733,117,1
2365,12735,117,1
2366,12743,117,1
2367,12745,117,1
2368,12747,117,1
2369,12753,117,1
2370,45530,117,1
2371,45531,117,1
2372,45534,117,1
2373,35683,117,1
2374,78369,117,1
2375,64034,117,1
2376,29248,117,1
2377,587,117,1
2378,589,117,1
2379,590,117,1
2380,591,117,1
2381,592,117,1
2382,593,117,1
2383,594,117,1
2384,37459,117,1
2385,596,117,1
2386,597,117,1
2387,606,117,1
2388,607,117,1
2389,608,117,1
2390,609,117,1
2391,37483,117,1
2392,624,117,1
2393,625,117,1
2394,626,117,1
2395,627,117,1
2396,628,117,1
2397,629,117,1
2398,633,117,1
2399,634,117,1
2400,639,117,1
2401,641,117,1
2402,642,117,1
2403,643,117,1
2404,644,117,1
2405,645,117,1
2406,648,117,1
2407,649,117,1
2408,650,117,1
2409,651,117,1
2410,652,117,1
2411,653,117,1
2412,654,117,1
2413,655,117,1
2414,656,117,1
2415,657,117,1
2416,29337,117,1
2417,671,117,1
2418,672,117,1
2419,33468,117,1
2420,33470,117,1
2421,33472,117,1
2422,37604,117,1
2423,37607,117,1
2424,33513,117,1
2425,11011,117,1
2426,33553,117,1
2427,2834,117,1
2428,2836,117,1
2429,2863,117,1
2430,77281,117,1
2431,33623,117,1
2432,33625,117,1
2433,88001,117,1
2434,33635,117,1
2435,33637,117,1
2436,33639,117,1
2437,33641,117,1
2438,33651,117,1
2439,33653,117,1
2440,33655,117,1
2441,11129,117,1
2442,11132,117,1
2443,11134,117,1
2444,33663,117,1
2445,33665,117,1
2446,33667,117,1
2447,33669,117,1
2448,33677,117,1
2449,33678,117,1
2450,13202,117,1
2451,33689,117,1
2452,33691,117,1
2453,33693,117,1
2454,33695,117,1
2455,11172,117,1
2456,11174,117,1
2457,11182,117,1
2458,11184,117,1
2459,11186,117,1
2460,11188,117,1
2461,11190,117,1
2462,11196,117,1
2463,11198,117,1
2464,11200,117,1
2465,11202,117,1
2466,52267,117,1
2467,33869,117,1
2468,33875,117,1
2469,33877,117,1
2470,33879,117,1
2471,11365,117,1
2472,11371,117,1
2473,81008,117,1
2474,11377,117,1
2475,11387,117,1
2476,21628,117,1
2477,11393,117,1
2478,42124,117,1
2479,42125,117,1
2480,42126,117,1
2481,81040,117,1
2482,81046,117,1
2483,81047,117,1
2484,72869,117,1
2485,72872,117,1
2486,72907,117,1
2487,23757,117,1
2488,72913,117,1
2489,33657,117,1
2490,37481,117,1
2491,42241,117,1
2492,42242,117,1
2493,42243,117,1
2494,42245,117,1
2495,42246,117,1
2496,19720,117,1
2497,19724,117,1
2498,19744,117,1
2499,29986,117,1
2500,29988,117,1
2501,17703,117,1
2502,17709,117,1
2503,11567,117,1
2504,17713,117,1
2505,17722,117,1
2506,17726,117,1
2507,17728,117,1
2508,17732,117,1
2509,34118,117,1
2510,17740,117,1
2511,23911,117,1
2512,23913,117,1
2513,58745,117,1
2514,17841,117,1
2515,17843,117,1
2516,77726,117,1
2517,3516,117,1
2518,3518,117,1
2519,74316,117,1
2520,3532,117,1
2521,32207,117,1
2522,32209,117,1
2523,37456,117,1
2524,77283,117,1
2525,37457,117,1
2526,29266,117,1
2527,17920,117,1
2528,17922,117,1
2529,17926,117,1
2530,89607,117,1
2531,17928,117,1
2532,34317,117,1
2533,34328,117,1
2534,32305,117,1
2535,32307,117,1
2536,32311,117,1
2537,2998,117,1
2538,21097,117,1
2539,20125,117,1
2540,11936,117,1
2541,11938,117,1
2542,11940,117,1
2543,11942,117,1
2544,52907,117,1
2545,78414,117,1
2546,11965,117,1
2547,11969,117,1
2548,11971,117,1
2549,11987,117,1
2550,11989,117,1
2551,20183,117,1
2552,20189,117,1
2553,12003,117,1
2554,12005,117,1
2555,12015,117,1
2556,12017,117,1
2557,12019,117,1
2558,12021,117,1
2559,12023,117,1
2560,12038,117,1
2561,12042,117,1
2562,12044,117,1
2563,34590,117,1
2564,16229,117,1
2565,16233,117,1
2566,16236,117,1
2567,16240,117,1
2568,1944,117,1
2569,22428,117,1
2570,22430,117,1
2571,22440,117,1
2572,22442,117,1
2573,22448,117,1
2574,22452,117,1
2575,22460,117,1
2576,29344,117,1
2577,22466,117,1
2578,22474,117,1
2579,2006,117,1
2580,28659,117,1
2581,28661,117,1
2582,34828,118,1
2583,22544,118,1
2584,22546,118,1
2585,22548,118,1
2586,32790,118,1
2587,2078,118,1
2588,28710,118,1
2589,32811,118,1
2590,73787,118,1
2591,73793,118,1
2592,73794,118,1
2593,73795,118,1
2594,34151,118,1
2595,32876,118,1
2596,32878,118,1
2597,24688,118,1
2598,24694,118,1
2599,32788,118,1
2600,30842,118,1
2601,34496,118,1
2602,28844,118,1
2603,28846,118,1
2604,28848,118,1
2605,28850,118,1
2606,4306,118,1
2607,4310,118,1
2608,32983,118,1
2609,26840,118,1
2610,26842,118,1
2611,32989,118,1
2612,4363,118,1
2613,37135,118,1
2614,20185,118,1
2615,20187,118,1
2616,4388,118,1
2617,33081,118,1
2618,22852,118,1
2619,33099,118,1
2620,33153,118,1
2621,74141,118,1
2622,12729,118,1
2623,12731,118,1
2624,12733,118,1
2625,12735,118,1
2626,12743,118,1
2627,12745,118,1
2628,12747,118,1
2629,12753,118,1
2630,45534,118,1
2631,78333,118,1
2632,34562,118,1
2633,78366,118,1
2634,78367,118,1
2635,64034,118,1
2636,37458,118,1
2637,582,118,1
2638,583,118,1
2639,584,118,1
2640,585,118,1
2641,586,118,1
2642,588,118,1
2643,598,118,1
2644,599,118,1
2645,601,118,1
2646,602,118,1
2647,603,118,1
2648,605,118,1
2649,615,118,1
2650,37480,118,1
2651,617,118,1
2652,37482,118,1
2653,620,118,1
2654,621,118,1
2655,622,118,1
2656,623,118,1
2657,630,118,1
2658,631,118,1
2659,632,118,1
2660,638,118,1
2661,640,118,1
2662,648,118,1
2663,649,118,1
2664,650,118,1
2665,651,118,1
2666,652,118,1
2667,653,118,1
2668,654,118,1
2669,655,118,1
2670,656,118,1
2671,657,118,1
2672,29336,118,1
2673,29340,118,1
2674,45645,118,1
2675,672,118,1
2676,32880,118,1
2677,54732,118,1
2678,45647,118,1
2679,24698,118,1
2680,37605,118,1
2681,37606,118,1
2682,33513,118,1
2683,78576,118,1
2684,45649,118,1
2685,33627,118,1
2686,33629,118,1
2687,33631,118,1
2688,33633,118,1
2689,33643,118,1
2690,33645,118,1
2691,33647,118,1
2692,33649,118,1
2693,11129,118,1
2694,33659,118,1
2695,11132,118,1
2696,33661,118,1
2697,11134,118,1
2698,33673,118,1
2699,33675,118,1
2700,33683,118,1
2701,33685,118,1
2702,33687,118,1
2703,33689,118,1
2704,33691,118,1
2705,33693,118,1
2706,33695,118,1
2707,33697,118,1
2708,11176,118,1
2709,11178,118,1
2710,11192,118,1
2711,11194,118,1
2712,35779,118,1
2713,35781,118,1
2714,33816,118,1
2715,33818,118,1
2716,33820,118,1
2717,91174,118,1
2718,17476,118,1
2719,17478,118,1
2720,17480,118,1
2721,33871,118,1
2722,33873,118,1
2723,33881,118,1
2724,33883,118,1
2725,85086,118,1
2726,85087,118,1
2727,72812,118,1
2728,81008,118,1
2729,11379,118,1
2730,11381,118,1
2731,21628,118,1
2732,11400,118,1
2733,81040,118,1
2734,81046,118,1
2735,81047,118,1
2736,89240,118,1
2737,89649,118,1
2738,72903,118,1
2739,72904,118,1
2740,17619,118,1
2741,23773,118,1
2742,17634,118,1
2743,17636,118,1
2744,42244,118,1
2745,19722,118,1
2746,19726,118,1
2747,19744,118,1
2748,17715,118,1
2749,17718,118,1
2750,17720,118,1
2751,17736,118,1
2752,17738,118,1
2753,87381,118,1
2754,60764,118,1
2755,60765,118,1
2756,23915,118,1
2757,23917,118,1
2758,29984,118,1
2759,72811,118,1
2760,17812,118,1
2761,3514,118,1
2762,54731,118,1
2763,3532,118,1
2764,54733,118,1
2765,37454,118,1
2766,37455,118,1
2767,77284,118,1
2768,77288,118,1
2769,29266,118,1
2770,37460,118,1
2771,17918,118,1
2772,17924,118,1
2773,17930,118,1
2774,17932,118,1
2775,34328,118,1
2776,89647,118,1
2777,89648,118,1
2778,32309,118,1
2779,21097,118,1
2780,47727,118,1
2781,47728,118,1
2782,33395,118,1
2783,3764,118,1
2784,11957,118,1
2785,3766,118,1
2786,11959,118,1
2787,11961,118,1
2788,11963,118,1
2789,33397,118,1
2790,28352,118,1
2791,11978,118,1
2792,89807,118,1
2793,89808,118,1
2794,11985,118,1
2795,20183,118,1
2796,11993,118,1
2797,11995,118,1
2798,20189,118,1
2799,11999,118,1
2800,12011,118,1
2801,12013,118,1
2802,12015,118,1
2803,12032,118,1
2804,12034,118,1
2805,34590,118,1
2806,16227,118,1
2807,16231,118,1
2808,16238,118,1
2809,16242,118,1
2810,1944,118,1
2811,24483,118,1
2812,22436,118,1
2813,4005,118,1
2814,22444,118,1
2815,22446,118,1
2816,22456,118,1
2817,28606,118,1
2818,22464,118,1
2819,22468,118,1
2820,22470,118,1
2821,28665,118,1
2822,2863,119,1
2823,11978,120,1
2824,11989,120,1
2825,34151,133,1
2826,24690,133,1
2827,24694,133,1
2828,24700,133,1
2829,26840,133,1
2830,26842,133,1
2831,47466,133,1
2832,643,133,1
2833,644,133,1
2834,645,133,1
2835,45645,133,1
2836,33470,133,1
2837,33472,133,1
2838,37604,133,1
2839,37605,133,1
2840,37606,133,1
2841,37607,133,1
2842,11011,133,1
2843,33553,133,1
2844,33631,133,1
2845,33633,133,1
2846,33635,133,1
2847,33637,133,1
2848,13202,133,1
2849,33687,133,1
2850,72869,133,1
2851,42242,133,1
2852,29988,133,1
2853,17728,133,1
2854,17738,133,1
2855,17740,133,1
2856,17843,133,1
2857,17918,133,1
2858,89607,133,1
2859,32305,133,1
2860,32307,133,1
2861,32311,133,1
2862,11936,133,1
2863,11938,133,1
2864,28352,133,1
2865,12005,133,1
2866,22428,133,1
2867,22430,133,1
2868,22440,133,1
2869,22442,133,1
2870,28710,138,1
2871,34151,138,1
2872,24688,138,1
2873,24690,138,1
2874,24692,138,1
2875,24694,138,1
2876,26840,138,1
2877,26842,138,1
2878,47466,138,1
2879,45534,138,1
2880,638,138,1
2881,639,138,1
2882,640,138,1
2883,641,138,1
2884,642,138,1
2885,643,138,1
2886,644,138,1
2887,645,138,1
2888,33472,138,1
2889,33623,138,1
2890,33625,138,1
2891,33627,138,1
2892,33629,138,1
2893,33631,138,1
2894,33633,138,1
2895,33635,138,1
2896,33637,138,1
2897,13202,138,1
2898,33820,138,1
2899,17636,138,1
2900,85236,138,1
2901,17726,138,1
2902,17728,138,1
2903,17732,138,1
2904,34118,138,1
2905,17736,138,1
2906,17738,138,1
2907,17740,138,1
2908,17918,138,1
2909,17920,138,1
2910,32305,138,1
2911,32307,138,1
2912,32309,138,1
2913,32311,138,1
2914,44996,138,1
2915,47727,138,1
2916,11936,138,1
2917,47728,138,1
2918,11938,138,1
2919,22428,138,1
2920,22430,138,1
2921,22436,138,1
2922,4005,138,1
2923,22440,138,1
2924,28659,138,1
2925,28661,138,1
2926,28665,138,1
2927,34828,139,1
2928,32790,139,1
2929,28710,139,1
2930,73793,139,1
2931,73795,139,1
2932,34151,139,1
2933,32876,139,1
2934,42685,139,1
2935,24688,139,1
2936,32788,139,1
2937,4306,139,1
2938,32983,139,1
2939,26840,139,1
2940,33081,139,1
2941,47466,139,1
2942,33153,139,1
2943,85062,139,1
2944,78366,139,1
2945,78367,139,1
2946,37458,139,1
2947,582,139,1
2948,583,139,1
2949,584,139,1
2950,601,139,1
2951,602,139,1
2952,603,139,1
2953,605,139,1
2954,37482,139,1
2955,620,139,1
2956,621,139,1
2957,623,139,1
2958,632,139,1
2959,638,139,1
2960,640,139,1
2961,29340,139,1
2962,45645,139,1
2963,54732,139,1
2964,45647,139,1
2965,24698,139,1
2966,37605,139,1
2967,33627,139,1
2968,33629,139,1
2969,33643,139,1
2970,33645,139,1
2971,33659,139,1
2972,33661,139,1
2973,33673,139,1
2974,33675,139,1
2975,11176,139,1
2976,11178,139,1
2977,11192,139,1
2978,11194,139,1
2979,33816,139,1
2980,33818,139,1
2981,33820,139,1
2982,33873,139,1
2983,33881,139,1
2984,72812,139,1
2985,81008,139,1
2986,11379,139,1
2987,11381,139,1
2988,81040,139,1
2989,81046,139,1
2990,81047,139,1
2991,72904,139,1
2992,17619,139,1
2993,17634,139,1
2994,17636,139,1
2995,85229,139,1
2996,85236,139,1
2997,19726,139,1
2998,17715,139,1
2999,60764,139,1
3000,60765,139,1
3001,23915,139,1
3002,29984,139,1
3003,54731,139,1
3004,54733,139,1
3005,37455,139,1
3006,77284,139,1
3007,17918,139,1
3008,17930,139,1
3009,32309,139,1
3010,44993,139,1
3011,44996,139,1
3012,3756,139,1
3013,11957,139,1
3014,11959,139,1
3015,89807,139,1
3016,89808,139,1
3017,11985,139,1
3018,11993,139,1
3019,11995,139,1
3020,12011,139,1
3021,12032,139,1
3022,77114,139,1
3023,16227,139,1
3024,16238,139,1
3025,22436,139,1
3026,4005,139,1
3027,22446,139,1
3028,22464,139,1
3029,44995,139,1
3030,22470,139,1
3031,22544,140,1
3032,22546,140,1
3033,22548,140,1
3034,73792,140,1
3035,73796,140,1
3036,32840,140,1
3037,32842,140,1
3038,32844,140,1
3039,32846,140,1
3040,32848,140,1
3041,32872,140,1
3042,24690,140,1
3043,24700,140,1
3044,4308,140,1
3045,32985,140,1
3046,37135,140,1
3047,33083,140,1
3048,33151,140,1
3049,45530,140,1
3050,45531,140,1
3051,35683,140,1
3052,592,140,1
3053,593,140,1
3054,594,140,1
3055,37459,140,1
3056,606,140,1
3057,607,140,1
3058,608,140,1
3059,609,140,1
3060,37483,140,1
3061,626,140,1
3062,627,140,1
3063,633,140,1
3064,634,140,1
3065,641,140,1
3066,645,140,1
3067,32880,140,1
3068,33468,140,1
3069,33470,140,1
3070,33472,140,1
3071,37607,140,1
3072,11011,140,1
3073,33553,140,1
3074,2834,140,1
3075,2836,140,1
3076,77281,140,1
3077,33635,140,1
3078,33637,140,1
3079,33651,140,1
3080,33653,140,1
3081,33667,140,1
3082,33669,140,1
3083,33677,140,1
3084,33678,140,1
3085,13202,140,1
3086,33683,140,1
3087,33685,140,1
3088,33687,140,1
3089,33697,140,1
3090,11172,140,1
3091,11174,140,1
3092,11200,140,1
3093,11202,140,1
3094,91174,140,1
3095,17476,140,1
3096,17478,140,1
3097,17480,140,1
3098,33869,140,1
3099,33877,140,1
3100,11377,140,1
3101,42124,140,1
3102,89240,140,1
3103,72869,140,1
3104,89649,140,1
3105,72913,140,1
3106,42244,140,1
3107,19724,140,1
3108,29988,140,1
3109,17722,140,1
3110,17728,140,1
3111,34118,140,1
3112,17740,140,1
3113,23911,140,1
3114,17841,140,1
3115,17843,140,1
3116,77726,140,1
3117,37456,140,1
3118,89607,140,1
3119,17928,140,1
3120,89647,140,1
3121,89648,140,1
3122,32307,140,1
3123,2998,140,1
3124,78414,140,1
3125,28352,140,1
3126,11969,140,1
3127,11971,140,1
3128,11989,140,1
3129,12005,140,1
3130,12021,140,1
3131,12023,140,1
3132,12042,140,1
3133,12044,140,1
3134,16229,140,1
3135,16240,140,1
3136,22430,140,1
3137,22442,140,1
3138,22460,140,1
3139,28606,140,1
3140,29344,140,1
3141,22466,140,1
3142,28661,140,1
3143,73787,141,1
3144,73794,141,1
3145,32878,141,1
3146,24694,141,1
3147,24702,141,1
3148,4310,141,1
3149,26842,141,1
3150,32989,141,1
3151,33099,141,1
3152,33157,141,1
3153,74141,141,1
3154,78333,141,1
3155,34562,141,1
3156,78369,141,1
3157,585,141,1
3158,586,141,1
3159,587,141,1
3160,588,141,1
3161,598,141,1
3162,599,141,1
3163,37480,141,1
3164,617,141,1
3165,622,141,1
3166,629,141,1
3167,630,141,1
3168,631,141,1
3169,639,141,1
3170,644,141,1
3171,29336,141,1
3172,37606,141,1
3173,33631,141,1
3174,33633,141,1
3175,33647,141,1
3176,33649,141,1
3177,33663,141,1
3178,33665,141,1
3179,11182,141,1
3180,11196,141,1
3181,11198,141,1
3182,33871,141,1
3183,33883,141,1
3184,85086,141,1
3185,85087,141,1
3186,11371,141,1
3187,11387,141,1
3188,11400,141,1
3189,72903,141,1
3190,19722,141,1
3191,29990,141,1
3192,17713,141,1
3193,17720,141,1
3194,17732,141,1
3195,17738,141,1
3196,87381,141,1
3197,72811,141,1
3198,17812,141,1
3199,74316,141,1
3200,32207,141,1
3201,32209,141,1
3202,37454,141,1
3203,77288,141,1
3204,37460,141,1
3205,17932,141,1
3206,32311,141,1
3207,47727,141,1
3208,47728,141,1
3209,33395,141,1
3210,3766,141,1
3211,11961,141,1
3212,11963,141,1
3213,33397,141,1
3214,11978,141,1
3215,11999,141,1
3216,12013,141,1
3217,12015,141,1
3218,12034,141,1
3219,16231,141,1
3220,16242,141,1
3221,24483,141,1
3222,22440,141,1
3223,22444,141,1
3224,22456,141,1
3225,22468,141,1
3226,28665,141,1
3227,28710,142,1
3228,45645,142,1
3229,37604,142,1
3230,37605,142,1
3231,37606,142,1
3232,37607,142,1
3233,88001,142,1
3234,33675,142,1
3235,23757,142,1
3236,42242,142,1
3237,42245,142,1
3238,23911,142,1
3239,23915,142,1
3240,47727,142,1
3241,20125,142,1
3242,47728,142,1
3243,11959,142,1
3244,11961,142,1
3245,11971,142,1
3246,11978,142,1
3247,11985,142,1
3248,11987,142,1
3249,11989,142,1
3250,24483,142,1
3251,28659,142,1
3252,28661,142,1
3253,28665,142,1
3254,2078,144,1
3255,30842,144,1
3256,34496,144,1
3257,64034,144,1
3258,672,144,1
3259,33513,144,1
3260,2863,144,1
3261,11129,144,1
3262,11132,144,1
3263,11134,144,1
3264,21628,144,1
3265,3532,144,1
3266,29266,144,1
3267,21097,144,1
3268,73787,145,1
3269,73790,145,1
3270,73792,145,1
3271,73793,145,1
3272,23919,145,1
3273,28844,145,1
3274,28846,145,1
3275,28848,145,1
3276,28850,145,1
3277,22852,145,1
3278,45645,145,1
3279,671,145,1
3280,45647,145,1
3281,37604,145,1
3282,37605,145,1
3283,37606,145,1
3284,37607,145,1
3285,78576,145,1
3286,45649,145,1
3287,77281,145,1
3288,33687,145,1
3289,42124,145,1
3290,42125,145,1
3291,42126,145,1
3292,23757,145,1
3293,23773,145,1
3294,85236,145,1
3295,42241,145,1
3296,42242,145,1
3297,42243,145,1
3298,19720,145,1
3299,19722,145,1
3300,19724,145,1
3301,19726,145,1
3302,11567,145,1
3303,87381,145,1
3304,23911,145,1
3305,23913,145,1
3306,23915,145,1
3307,23917,145,1
3308,3514,145,1
3309,77283,145,1
3310,77284,145,1
3311,77288,145,1
3312,44996,145,1
3313,52907,145,1
3314,3764,145,1
3315,28352,145,1
3316,22428,145,1
3317,22430,145,1
3318,24483,145,1
3319,22436,145,1
3320,22440,145,1
3321,23919,146,1
3322,22852,146,1
3323,671,146,1
3324,78576,146,1
3325,45649,146,1
3326,42125,146,1
3327,42126,146,1
3328,23773,146,1
3329,42241,146,1
3330,11567,146,1
3331,23913,146,1
3332,23917,146,1
3333,3514,146,1
3334,3764,146,1
3335,73787,147,1
3336,73790,147,1
3337,73792,147,1
3338,73793,147,1
3339,45647,147,1
3340,77281,147,1
3341,42124,147,1
3342,42243,147,1
3343,19720,147,1
3344,19722,147,1
3345,19724,147,1
3346,19726,147,1
3347,87381,147,1
3348,77283,147,1
3349,77284,147,1
3350,77288,147,1
3351,52907,147,1
3352,45645,148,1
3353,37604,148,1
3354,37605,148,1
3355,37606,148,1
3356,37607,148,1
3357,42242,148,1
3358,33687,149,1
3359,28352,149,1
3360,34828,150,1
3361,28710,150,1
3362,73787,150,1
3363,73789,150,1
3364,73790,150,1
3365,73792,150,1
3366,73793,150,1
3367,73794,150,1
3368,73795,150,1
3369,73796,150,1
3370,32840,150,1
3371,32842,150,1
3372,32844,150,1
3373,32846,150,1
3374,32848,150,1
3375,32872,150,1
3376,34151,150,1
3377,32876,150,1
3378,32878,150,1
3379,42685,150,1
3380,24688,150,1
3381,24690,150,1
3382,24692,150,1
3383,24694,150,1
3384,24696,150,1
3385,32788,150,1
3386,24702,150,1
3387,52250,150,1
3388,47269,150,1
3389,47270,150,1
3390,47271,150,1
3391,52252,150,1
3392,4302,150,1
3393,4306,150,1
3394,4308,150,1
3395,4310,150,1
3396,26840,150,1
3397,26842,150,1
3398,33079,150,1
3399,33081,150,1
3400,33083,150,1
3401,33099,150,1
3402,47466,150,1
3403,33151,150,1
3404,33153,150,1
3405,33155,150,1
3406,33157,150,1
3407,74141,150,1
3408,37453,150,1
3409,85062,150,1
3410,45530,150,1
3411,45531,150,1
3412,35683,150,1
3413,78333,150,1
3414,34562,150,1
3415,78366,150,1
3416,78367,150,1
3417,78369,150,1
3418,49710,150,1
3419,49711,150,1
3420,583,150,1
3421,585,150,1
3422,587,150,1
3423,588,150,1
3424,589,150,1
3425,591,150,1
3426,593,150,1
3427,594,150,1
3428,596,150,1
3429,597,150,1
3430,598,150,1
3431,601,150,1
3432,602,150,1
3433,603,150,1
3434,606,150,1
3435,608,150,1
3436,615,150,1
3437,37480,150,1
3438,617,150,1
3439,37482,150,1
3440,37483,150,1
3441,621,150,1
3442,622,150,1
3443,623,150,1
3444,624,150,1
3445,626,150,1
3446,627,150,1
3447,629,150,1
3448,630,150,1
3449,638,150,1
3450,639,150,1
3451,641,150,1
3452,642,150,1
3453,644,150,1
3454,29336,150,1
3455,29337,150,1
3456,29340,150,1
3457,671,150,1
3458,33470,150,1
3459,33472,150,1
3460,54732,150,1
3461,45647,150,1
3462,24698,150,1
3463,78576,150,1
3464,11011,150,1
3465,33553,150,1
3466,2834,150,1
3467,2836,150,1
3468,45649,150,1
3469,77281,150,1
3470,33623,150,1
3471,33625,150,1
3472,33627,150,1
3473,33629,150,1
3474,33631,150,1
3475,33633,150,1
3476,88001,150,1
3477,33635,150,1
3478,33637,150,1
3479,33639,150,1
3480,33641,150,1
3481,33643,150,1
3482,33645,150,1
3483,33647,150,1
3484,33649,150,1
3485,33651,150,1
3486,33653,150,1
3487,33655,150,1
3488,33659,150,1
3489,33661,150,1
3490,33663,150,1
3491,33665,150,1
3492,33667,150,1
3493,33669,150,1
3494,33673,150,1
3495,33675,150,1
3496,33677,150,1
3497,33678,150,1
3498,13202,150,1
3499,11176,150,1
3500,11178,150,1
3501,11184,150,1
3502,11186,150,1
3503,11196,150,1
3504,11198,150,1
3505,11200,150,1
3506,11202,150,1
3507,35779,150,1
3508,35781,150,1
3509,33816,150,1
3510,33818,150,1
3511,33820,150,1
3512,52254,150,1
3513,52267,150,1
3514,33869,150,1
3515,33871,150,1
3516,33873,150,1
3517,33877,150,1
3518,33879,150,1
3519,33881,150,1
3520,33883,150,1
3521,85086,150,1
3522,85087,150,1
3523,11365,150,1
3524,11371,150,1
3525,72812,150,1
3526,11377,150,1
3527,11379,150,1
3528,11381,150,1
3529,11393,150,1
3530,11400,150,1
3531,42124,150,1
3532,42126,150,1
3533,17619,150,1
3534,33657,150,1
3535,23773,150,1
3536,17634,150,1
3537,17636,150,1
3538,37481,150,1
3539,85229,150,1
3540,85236,150,1
3541,42241,150,1
3542,42243,150,1
3543,42246,150,1
3544,19720,150,1
3545,19722,150,1
3546,19724,150,1
3547,19726,150,1
3548,29986,150,1
3549,29988,150,1
3550,29990,150,1
3551,17703,150,1
3552,17709,150,1
3553,11567,150,1
3554,17713,150,1
3555,17715,150,1
3556,17718,150,1
3557,17720,150,1
3558,17722,150,1
3559,17726,150,1
3560,17728,150,1
3561,17732,150,1
3562,34118,150,1
3563,17736,150,1
3564,17738,150,1
3565,17740,150,1
3566,87381,150,1
3567,60764,150,1
3568,60765,150,1
3569,29984,150,1
3570,72811,150,1
3571,58745,150,1
3572,17812,150,1
3573,17841,150,1
3574,17843,150,1
3575,77726,150,1
3576,3516,150,1
3577,3518,150,1
3578,74316,150,1
3579,54731,150,1
3580,54733,150,1
3581,32207,150,1
3582,32209,150,1
3583,37454,150,1
3584,37455,150,1
3585,37456,150,1
3586,77283,150,1
3587,77284,150,1
3588,77288,150,1
3589,48635,150,1
3590,48636,150,1
3591,17918,150,1
3592,17920,150,1
3593,17922,150,1
3594,17924,150,1
3595,17926,150,1
3596,17928,150,1
3597,17930,150,1
3598,17932,150,1
3599,34317,150,1
3600,32305,150,1
3601,32307,150,1
3602,32309,150,1
3603,32311,150,1
3604,44993,150,1
3605,44996,150,1
3606,47727,150,1
3607,11936,150,1
3608,47728,150,1
3609,11938,150,1
3610,11940,150,1
3611,11942,150,1
3612,52907,150,1
3613,3756,150,1
3614,33395,150,1
3615,3764,150,1
3616,11959,150,1
3617,11961,150,1
3618,11963,150,1
3619,78414,150,1
3620,33397,150,1
3621,11969,150,1
3622,11971,150,1
3623,89807,150,1
3624,89808,150,1
3625,11993,150,1
3626,11995,150,1
3627,11999,150,1
3628,12003,150,1
3629,12011,150,1
3630,12013,150,1
3631,12015,150,1
3632,12017,150,1
3633,12019,150,1
3634,12021,150,1
3635,12023,150,1
3636,12032,150,1
3637,12034,150,1
3638,12038,150,1
3639,12042,150,1
3640,12044,150,1
3641,77114,150,1
3642,16227,150,1
3643,16229,150,1
3644,16231,150,1
3645,16236,150,1
3646,16238,150,1
3647,16240,150,1
3648,16242,150,1
3649,22428,150,1
3650,22430,150,1
3651,22436,150,1
3652,22440,150,1
3653,22442,150,1
3654,22444,150,1
3655,22446,150,1
3656,22448,150,1
3657,22452,150,1
3658,22456,150,1
3659,22460,150,1
3660,22464,150,1
3661,29344,150,1
3662,22466,150,1
3663,44995,150,1
3664,22468,150,1
3665,22470,150,1
3666,22474,150,1
3667,2006,150,1
3668,28659,150,1
3669,28661,150,1
3670,28665,150,1
3671,28844,151,1
3672,28846,151,1
3673,28848,151,1
3674,28850,151,1
3675,20185,151,1
3676,20187,151,1
3677,81040,151,1
3678,34328,151,1
3679,20183,151,1
3680,20189,151,1
3681,24696,152,1
3682,24700,152,1
3683,24702,152,1
3684,23919,152,1
3685,22852,152,1
3686,33151,152,1
3687,33153,152,1
3688,33155,152,1
3689,33157,152,1
3690,78366,152,1
3691,78369,152,1
3692,37480,152,1
3693,37482,152,1
3694,37483,152,1
3695,45645,152,1
3696,671,152,1
3697,24698,152,1
3698,37604,152,1
3699,37605,152,1
3700,37606,152,1
3701,37607,152,1
3702,78576,152,1
3703,45649,152,1
3704,33869,152,1
3705,33871,152,1
3706,33873,152,1
3707,33875,152,1
3708,85086,152,1
3709,72812,152,1
3710,42125,152,1
3711,42126,152,1
3712,72869,152,1
3713,72872,152,1
3714,89649,152,1
3715,23757,152,1
3716,23773,152,1
3717,37481,152,1
3718,42241,152,1
3719,42242,152,1
3720,29986,152,1
3721,29988,152,1
3722,29990,152,1
3723,11567,152,1
3724,23911,152,1
3725,23913,152,1
3726,23915,152,1
3727,23917,152,1
3728,29984,152,1
3729,72811,152,1
3730,3514,152,1
3731,89607,152,1
3732,3756,152,1
3733,3764,152,1
3734,89808,152,1
3735,16227,152,1
3736,16229,152,1
3737,16231,152,1
3738,16233,152,1
3739,24483,152,1
3740,22442,152,1
3741,22444,152,1
3742,22446,152,1
3743,22448,152,1
3744,22466,152,1
3745,22468,152,1
3746,22470,152,1
3747,22474,152,1
3748,24696,153,1
3749,24700,153,1
3750,24702,153,1
3751,23919,153,1
3752,22852,153,1
3753,33151,153,1
3754,33153,153,1
3755,33155,153,1
3756,33157,153,1
3757,78366,153,1
3758,78369,153,1
3759,37480,153,1
3760,37482,153,1
3761,37483,153,1
3762,45645,153,1
3763,671,153,1
3764,24698,153,1
3765,37604,153,1
3766,37605,153,1
3767,37606,153,1
3768,37607,153,1
3769,78576,153,1
3770,45649,153,1
3771,33869,153,1
3772,33871,153,1
3773,33873,153,1
3774,33875,153,1
3775,85086,153,1
3776,72812,153,1
3777,42125,153,1
3778,42126,153,1
3779,72869,153,1
3780,72872,153,1
3781,89649,153,1
3782,23757,153,1
3783,23773,153,1
3784,37481,153,1
3785,42241,153,1
3786,42242,153,1
3787,29986,153,1
3788,29988,153,1
3789,29990,153,1
3790,11567,153,1
3791,23911,153,1
3792,23913,153,1
3793,23915,153,1
3794,23917,153,1
3795,29984,153,1
3796,72811,153,1
3797,3514,153,1
3798,89607,153,1
3799,3756,153,1
3800,3764,153,1
3801,89808,153,1
3802,16227,153,1
3803,16229,153,1
3804,16231,153,1
3805,16233,153,1
3806,24483,153,1
3807,22442,153,1
3808,22444,153,1
3809,22446,153,1
3810,22448,153,1
3811,22466,153,1
3812,22468,153,1
3813,22470,153,1
3814,22474,153,1
3815,24696,154,1
3816,24700,154,1
3817,24702,154,1
3818,23919,154,1
3819,22852,154,1
3820,33151,154,1
3821,33153,154,1
3822,33155,154,1
3823,33157,154,1
3824,78366,154,1
3825,78369,154,1
3826,37480,154,1
3827,37482,154,1
3828,37483,154,1
3829,45645,154,1
3830,671,154,1
3831,24698,154,1
3832,37604,154,1
3833,37605,154,1
3834,37606,154,1
3835,37607,154,1
3836,78576,154,1
3837,45649,154,1
3838,33869,154,1
3839,33871,154,1
3840,33873,154,1
3841,33875,154,1
3842,85086,154,1
3843,72812,154,1
3844,42125,154,1
3845,42126,154,1
3846,72869,154,1
3847,72872,154,1
3848,89649,154,1
3849,23757,154,1
3850,23773,154,1
3851,37481,154,1
3852,42241,154,1
3853,42242,154,1
3854,29986,154,1
3855,29988,154,1
3856,29990,154,1
3857,11567,154,1
3858,23911,154,1
3859,23913,154,1
3860,23915,154,1
3861,23917,154,1
3862,29984,154,1
3863,72811,154,1
3864,3514,154,1
3865,89607,154,1
3866,3756,154,1
3867,3764,154,1
3868,89808,154,1
3869,16227,154,1
3870,16229,154,1
3871,16231,154,1
3872,16233,154,1
3873,24483,154,1
3874,22442,154,1
3875,22444,154,1
3876,22446,154,1
3877,22448,154,1
3878,22466,154,1
3879,22468,154,1
3880,22470,154,1
3881,22474,154,1
3882,22544,164,1
3883,22546,164,1
3884,22548,164,1
3885,28710,164,1
3886,32872,164,1
3887,32874,164,1
3888,42685,164,1
3889,24702,164,1
3890,4308,164,1
3891,33081,164,1
3892,33153,164,1
3893,33157,164,1
3894,37453,164,1
3895,78367,164,1
3896,78369,164,1
3897,593,164,1
3898,37483,164,1
3899,629,164,1
3900,29336,164,1
3901,33468,164,1
3902,24698,164,1
3903,2834,164,1
3904,33639,164,1
3905,33641,164,1
3906,33673,164,1
3907,33683,164,1
3908,33818,164,1
3909,91174,164,1
3910,17476,164,1
3911,17478,164,1
3912,17480,164,1
3913,33873,164,1
3914,85087,164,1
3915,72812,164,1
3916,89240,164,1
3917,89649,164,1
3918,42246,164,1
3919,29990,164,1
3920,17709,164,1
3921,17713,164,1
3922,17720,164,1
3923,60764,164,1
3924,29984,164,1
3925,3516,164,1
3926,74316,164,1
3927,32209,164,1
3928,37456,164,1
3929,17926,164,1
3930,17930,164,1
3931,89647,164,1
3932,11959,164,1
3933,78414,164,1
3934,11999,164,1
3935,12015,164,1
3936,12042,164,1
3937,77114,164,1
3938,16227,164,1
3939,22436,164,1
3940,22444,164,1
3941,22446,164,1
3942,22448,164,1
3943,22470,164,1
3944,2006,164,1
3945,28659,164,1
3946,24688,165,1
3947,24692,165,1
3948,24696,165,1
3949,33151,165,1
3950,33155,165,1
3951,45531,165,1
3952,78366,165,1
3953,626,165,1
3954,627,165,1
3955,628,165,1
3956,630,165,1
3957,633,165,1
3958,638,165,1
3959,639,165,1
3960,640,165,1
3961,641,165,1
3962,642,165,1
3963,2836,165,1
3964,33623,165,1
3965,33625,165,1
3966,33627,165,1
3967,33629,165,1
3968,33651,165,1
3969,33653,165,1
3970,33675,165,1
3971,33685,165,1
3972,33820,165,1
3973,33869,165,1
3974,33871,165,1
3975,33875,165,1
3976,85086,165,1
3977,72872,165,1
3978,17636,165,1
3979,42244,165,1
3980,29986,165,1
3981,17715,165,1
3982,17722,165,1
3983,17726,165,1
3984,17732,165,1
3985,34118,165,1
3986,17736,165,1
3987,72811,165,1
3988,77726,165,1
3989,3518,165,1
3990,17920,165,1
3991,17922,165,1
3992,32309,165,1
3993,47727,165,1
3994,20125,165,1
3995,47728,165,1
3996,3756,165,1
3997,33395,165,1
3998,11961,165,1
3999,11963,165,1
4000,11965,165,1
4001,11969,165,1
4002,11971,165,1
4003,12019,165,1
4004,12023,165,1
4005,16229,165,1
4006,16231,165,1
4007,16233,165,1
4008,4005,165,1
4009,28606,165,1
4010,29344,165,1
4011,22466,165,1
4012,22468,165,1
4013,22474,165,1
4014,28661,165,1
4015,28665,165,1
4016,52250,229,1
4017,47269,229,1
4018,49710,229,1
4019,52254,229,1
4020,48636,229,1
4021,47270,230,1
4022,52252,230,1
4023,49711,230,1
4024,48635,230,1
4025,47271,231,1
4026,88001,231,1
4027,32880,234,1
4028,89240,234,1
4029,89649,234,1
4030,89647,234,1
4031,89648,234,1
4032,52907,2235,1
4033,54731,2236,1
4034,54732,2237,1
4035,54733,2238,1
4036,85086,2267,1
4037,85087,2267,1
4038,89607,2268,1
4039,89607,2269,1
