skinID,typeID
5,641
8,645
9,4302
10,4302
11,16233
12,16233
13,16233
14,16227
15,16227
16,4306
17,16229
18,16229
19,16229
20,24700
23,645
24,24700
25,4308
26,4308
27,16231
28,16231
29,24702
30,4310
32,24692
33,24692
34,643
35,643
37,642
38,642
39,638
40,24688
41,24688
42,640
43,645
44,24696
45,24696
61,24690
62,24690
63,641
64,641
65,24694
66,24694
67,644
68,28606
69,28352
70,23757
71,23757
72,23919
73,23919
74,23915
75,23917
76,23911
77,23911
78,23913
79,23913
80,24483
81,22852
82,19720
83,19720
84,19726
85,19726
86,19724
87,19724
88,19722
89,20183
90,20183
91,20185
92,20187
93,20187
94,20189
95,11567
96,11567
97,671
98,671
99,628
100,628
101,625
102,625
103,624
104,624
105,2006
106,2006
107,2006
108,621
109,621
110,623
111,620
112,633
113,633
114,634
115,627
116,627
117,626
118,626
119,626
120,630
121,622
122,622
123,16236
124,16236
125,16236
126,32874
127,32874
128,16238
129,32872
130,32872
131,16240
132,16240
133,16240
134,16240
135,16240
136,16240
137,32878
138,16242
139,16242
140,17841
141,2161
142,2161
143,589
144,589
145,590
146,590
147,29248
148,29248
149,29248
150,597
151,597
152,591
153,591
154,605
155,602
156,603
157,603
158,608
159,608
160,607
161,607
162,594
163,594
164,609
165,609
166,592
167,593
168,593
170,587
171,587
172,585
173,3766
174,1944
175,19744
176,649
179,652
180,22544
181,22548
182,22546
183,586
184,657
185,657
187,642
188,642
189,12011
190,12005
191,17715
192,24698
193,24692
194,642
195,642
196,643
197,638
198,638
199,638
200,638
201,645
202,641
203,641
204,639
205,639
206,639
207,28659
208,28659
209,28659
210,28710
211,28710
212,28710
213,28661
214,28661
215,28661
216,28665
217,28665
218,28665
219,17738
220,17918
222,16229
1014,621
1015,621
1016,625
1017,624
1018,628
1019,625
1020,2006
1021,2006
1022,624
1023,2006
1024,638
1025,642
1026,24692
1027,24692
1028,4310
1029,642
1030,643
1031,643
1032,628
1033,671
1034,20185
1035,20183
1036,20187
1037,20187
1038,11567
1039,20189
1040,671
1041,11567
1042,590
1043,29248
1044,589
1045,2161
1046,589
1047,17841
1048,2161
1049,29248
1050,16240
1051,16240
1052,16240
1053,32872
1054,32878
1055,16240
1056,16240
1057,16240
1058,16242
1059,16242
1060,24700
1061,4308
1062,4308
1063,16231
1064,24700
1065,645
1066,16231
1067,24702
1068,590
1069,649
1070,19720
1071,19720
1072,22852
1073,19724
1074,19724
1075,19726
1076,19726
1077,29248
1078,652
1079,19744
1080,1944
1081,3766
1082,585
1083,587
1084,587
1085,22546
1086,586
1087,22544
1088,22548
1089,642
1090,657
1091,657
1092,642
1093,16233
1094,4302
1095,16233
1096,16233
1097,16227
1098,16227
1099,4306
1100,16229
1101,16229
1102,639
1103,639
1104,23911
1105,23911
1106,23917
1107,23915
1108,23919
1109,23919
1110,23757
1111,23757
1112,23913
1113,23913
1114,645
1115,630
1116,622
1117,622
1118,16236
1119,16236
1120,16236
1121,32874
1122,32874
1123,16238
1124,32872
1125,24690
1126,24690
1127,641
1128,641
1129,24694
1130,24694
1131,644
1132,28606
1133,28352
1134,593
1135,609
1136,609
1137,592
1138,593
1139,607
1140,607
1141,594
1142,594
1143,4302
1144,627
1145,634
1146,626
1147,627
1148,620
1149,623
1150,633
1151,633
1152,626
1154,19722
1155,20183
1156,597
1157,597
1158,591
1159,591
1160,602
1161,605
1162,603
1163,603
1164,608
1165,608
1166,24483
1167,24696
1168,24696
1169,640
1170,645
1171,24688
1172,24688
1173,641
1174,626
1175,28665
1177,28665
1178,28661
1179,28710
1180,28659
1181,33468
1182,33468
1183,33470
1184,33470
1185,33472
1186,33472
1606,589
1607,590
1608,591
1609,597
1610,624
1611,625
1612,628
1613,642
1614,643
1615,1944
1616,2006
1617,2161
1618,4302
1619,11184
1620,11186
1621,11188
1622,11190
1623,11365
1624,11393
1625,11567
1626,11965
1627,11987
1628,12003
1629,12017
1630,12019
1631,12038
1632,12733
1633,12753
1634,16233
1635,16236
1636,17703
1637,17709
1638,17726
1639,19720
1640,19744
1641,20125
1642,20183
1643,22428
1644,22448
1645,22452
1646,22474
1647,23757
1648,23919
1649,24692
1650,24696
1651,28659
1652,28850
1653,29248
1654,29337
1655,32305
1656,32874
1657,33155
1658,582
1659,583
1660,584
1661,605
1662,623
1663,632
1664,640
1665,648
1666,3764
1667,11176
1668,11178
1669,11192
1670,11194
1671,11379
1672,11381
1673,11957
1674,11959
1675,11985
1676,11993
1677,11995
1678,12011
1679,12032
1680,12729
1681,12731
1682,16227
1683,16238
1684,17619
1685,17634
1686,17636
1687,22436
1688,22446
1689,22464
1690,22470
1691,23915
1692,24698
1693,28710
1694,28844
1695,29340
1696,32309
1697,32876
1698,33153
1699,593
1700,594
1701,627
1702,650
1703,654
1704,655
1705,656
1706,657
1707,671
1708,4308
1709,11172
1710,11174
1711,11200
1712,11202
1713,11377
1714,11969
1715,11971
1716,11989
1717,12005
1718,12021
1719,12023
1720,12042
1721,12044
1722,12743
1723,12745
1724,17728
1725,17841
1726,17843
1727,19724
1728,20187
1729,22430
1730,22442
1731,22460
1732,22466
1733,23911
1734,23913
1735,24690
1736,28661
1737,28848
1738,29344
1739,32307
1740,33151
1741,585
1742,586
1743,587
1744,598
1745,599
1746,622
1747,629
1748,630
1749,631
1750,644
1751,651
1752,652
1753,653
1754,3766
1755,4310
1756,11182
1757,11196
1758,11198
1759,11371
1760,11387
1761,11400
1762,11961
1763,11963
1764,11978
1765,11999
1766,12013
1767,12015
1768,12034
1769,12735
1770,12747
1771,16231
1772,16242
1773,17713
1774,17732
1775,17812
1776,20189
1777,22440
1778,22444
1779,22456
1780,22468
1781,22852
1782,23773
1783,24483
1784,24694
1785,24702
1786,28846
1787,29336
1788,32311
1789,32878
1790,33157
1794,12005
1795,645
1796,11999
1797,4310
1798,23913
1918,582
1919,583
1920,584
1921,605
1922,602
1923,603
1924,11381
1925,11379
1926,11192
1927,12032
1928,11194
1929,11176
1930,11178
1931,32876
1932,16238
1933,22464
1934,632
1935,621
1936,623
1937,620
1938,11993
1939,12011
1940,11995
1941,11985
1942,11957
1943,11959
1944,24698
1945,16227
1946,4306
1947,22470
1948,22446
1949,638
1950,24688
1951,640
1952,22436
1953,28710
1954,19726
1955,23915
1956,23917
1957,3764
1958,648
1959,649
1960,12729
1961,12731
1962,20185
1963,28844
1982,582
1983,583
1984,584
1985,605
1986,602
1987,603
1988,11381
1989,11379
1990,11192
1991,12032
1992,11194
1993,11176
1994,11178
1995,32876
1996,16238
1997,22464
1998,632
1999,621
2000,623
2001,620
2002,11993
2003,12011
2004,11995
2005,11985
2006,11957
2007,11959
2008,24698
2009,16227
2010,4306
2011,22470
2012,22446
2013,638
2014,24688
2015,640
2016,22436
2017,28710
2018,19726
2019,23915
2020,23917
2021,3764
2022,648
2023,649
2024,12729
2025,12731
2026,20185
2027,28844
2028,598
2029,599
2030,586
2031,587
2032,585
2033,3766
2034,11400
2035,11371
2036,11182
2037,12034
2038,11387
2039,11196
2040,11198
2041,32878
2042,16242
2043,22456
2044,630
2045,629
2046,631
2047,622
2048,12015
2049,11999
2050,12013
2051,11978
2052,11961
2053,11963
2054,16231
2055,24702
2056,4310
2057,22468
2058,22444
2059,24694
2060,639
2061,644
2062,22440
2063,28665
2064,19722
2065,24483
2066,22852
2067,23773
2068,651
2069,652
2070,653
2071,12735
2072,12747
2073,20189
2074,28846
2075,598
2076,599
2077,586
2078,587
2079,585
2080,3766
2081,11400
2082,11371
2083,11182
2084,12034
2085,11387
2086,11196
2087,11198
2088,32878
2089,16242
2090,22456
2091,630
2092,629
2093,631
2094,622
2095,12015
2096,11999
2097,12013
2098,11978
2099,11961
2100,11963
2101,16231
2102,24702
2103,4310
2104,22468
2105,22444
2106,24694
2107,639
2108,644
2109,22440
2110,28665
2111,19722
2112,24483
2113,22852
2114,23773
2115,651
2116,652
2117,653
2118,12735
2119,12747
2120,20189
2121,28846
2131,615
2131,3514
2131,17718
2131,17736
2131,17924
2173,12005
2174,645
2175,11999
2176,4310
2180,24692
2181,589
2182,24696
2183,2006
2184,594
2185,24690
2186,627
2187,2161
2188,589
2189,590
2190,29248
2191,597
2192,591
2193,11393
2194,11365
2195,11188
2196,12038
2197,11190
2198,11184
2199,11186
2200,16236
2201,32874
2202,22452
2203,628
2204,625
2205,624
2206,2006
2207,12019
2208,12003
2209,12017
2210,11987
2211,20125
2212,11965
2213,24696
2214,4302
2215,16233
2216,22448
2217,22474
2218,24692
2219,642
2220,643
2221,22428
2222,28659
2223,19720
2224,23757
2225,23919
2226,11567
2227,1944
2228,19744
2229,12733
2230,12753
2231,20183
2232,28850
2233,608
2234,607
2235,594
2236,609
2237,592
2238,593
2239,12044
2240,12042
2241,11172
2242,11377
2243,11174
2244,11202
2245,11200
2246,32872
2247,16240
2248,22460
2249,633
2250,634
2251,627
2252,626
2253,12023
2254,12005
2255,12021
2256,11989
2257,11969
2258,11971
2259,16229
2260,24700
2261,4308
2262,22466
2263,22442
2264,645
2265,24690
2266,641
2267,22430
2268,28661
2269,19724
2270,23911
2271,23913
2272,671
2273,655
2274,657
2275,654
2276,656
2277,650
2278,12743
2279,12745
2280,20187
2281,28848
2283,11186
2284,12003
2285,12017
2286,12019
2287,17726
2288,22452
2289,28659
2290,29337
2291,11176
2292,11993
2293,11995
2294,12011
2295,17634
2296,17636
2297,22464
2298,28710
2299,11200
2300,12005
2301,12021
2302,12023
2303,17728
2304,17843
2305,22460
2306,28661
2307,4310
2308,11198
2309,11999
2310,12013
2311,12015
2312,17713
2313,22456
2314,32311
2315,33816
2316,33818
2317,33820
2318,594
2319,24690
2320,627
2321,33816
2322,33818
2323,33820
2324,582
2325,583
2326,584
2327,605
2328,623
2329,632
2330,640
2331,648
2332,3764
2333,11178
2334,11192
2335,11194
2336,11379
2337,11381
2338,11957
2339,11959
2340,11985
2341,12032
2342,12729
2343,12731
2344,16227
2345,16238
2346,17619
2347,22436
2348,22446
2349,22470
2350,23915
2351,24698
2352,28844
2353,29340
2354,32309
2355,32876
2356,33153
2357,627
2358,12023
2359,12021
2360,17722
2361,17736
2362,33820
2363,644
2364,32311
2365,22440
2366,587
2367,11371
2368,11400
2369,593
2370,594
2371,627
2372,650
2373,654
2374,655
2375,656
2376,657
2377,671
2378,4308
2379,11172
2380,11174
2381,11202
2382,11377
2383,11969
2384,11971
2385,11989
2386,12042
2387,12044
2388,12743
2389,12745
2390,17841
2391,19724
2392,20187
2393,22430
2394,22442
2395,22466
2396,23911
2397,23913
2398,24690
2399,28848
2400,29344
2401,32307
2402,33151
2403,16229
2404,598
2405,599
2406,586
2407,587
2408,585
2409,3766
2410,11400
2411,11371
2412,11182
2413,12034
2414,11387
2415,11196
2416,17812
2417,32878
2418,16242
2419,630
2420,629
2421,631
2422,622
2423,11978
2424,11961
2425,11963
2426,29336
2427,16231
2428,24702
2429,22468
2430,22444
2431,33157
2432,24694
2433,644
2434,22440
2435,17732
2436,24483
2437,22852
2438,23773
2439,651
2440,652
2441,653
2442,12735
2443,12747
2444,20189
2445,28846
2446,24692
2447,589
2448,24696
2449,2006
2450,2161
2451,589
2452,590
2453,29248
2454,597
2455,591
2456,11393
2457,11365
2458,11188
2459,12038
2460,11190
2461,11184
2462,17703
2463,16236
2464,32874
2465,628
2466,625
2467,624
2468,2006
2469,11987
2470,20125
2471,11965
2472,17709
2473,24696
2474,4302
2475,16233
2476,22448
2477,22474
2478,33155
2479,24692
2480,642
2481,643
2482,22428
2483,32305
2484,19720
2485,23757
2486,23919
2487,11567
2488,1944
2489,19744
2490,12733
2491,12753
2492,20183
2493,28850
2494,23913
2495,582
2496,583
2497,584
2498,605
2499,602
2500,603
2501,11381
2502,11379
2503,11192
2504,12032
2505,11194
2506,11176
2507,11178
2508,32876
2509,16238
2510,22464
2511,632
2512,621
2513,623
2514,620
2515,11993
2516,12011
2517,11995
2518,11985
2519,11957
2520,11959
2521,24698
2522,16227
2523,4306
2524,22470
2525,22446
2526,638
2527,24688
2528,640
2529,22436
2530,28710
2531,19726
2532,23915
2533,23917
2534,3764
2535,648
2536,649
2537,12729
2538,12731
2539,20185
2540,28844
2541,2161
2542,589
2543,590
2544,29248
2545,597
2546,591
2547,11393
2548,11365
2549,11188
2550,12038
2551,11190
2552,11184
2553,11186
2554,16236
2555,32874
2556,22452
2557,628
2558,625
2559,624
2560,2006
2561,12019
2562,12003
2563,12017
2564,11987
2565,20125
2566,11965
2567,24696
2568,4302
2569,16233
2570,22448
2571,22474
2572,24692
2573,642
2574,643
2575,22428
2576,28659
2577,19720
2578,23757
2579,23919
2580,11567
2581,1944
2582,19744
2583,12733
2584,12753
2585,20183
2586,28850
2587,582
2588,583
2589,584
2590,605
2591,602
2592,603
2593,11381
2594,11379
2595,11192
2596,12032
2597,11194
2598,11176
2599,11178
2600,32876
2601,16238
2602,22464
2603,632
2604,621
2605,623
2606,620
2607,11993
2608,12011
2609,11995
2610,11985
2611,11957
2612,11959
2613,24698
2614,16227
2615,4306
2616,22470
2617,22446
2618,638
2619,24688
2620,640
2621,22436
2622,28710
2623,19726
2624,23915
2625,23917
2626,3764
2627,648
2628,649
2629,12729
2630,12731
2631,20185
2632,28844
2633,598
2634,599
2635,586
2636,587
2637,585
2638,3766
2639,11400
2640,11371
2641,11182
2642,12034
2643,11387
2644,11196
2645,11198
2646,32878
2647,16242
2648,22456
2649,630
2650,629
2651,631
2652,622
2653,12015
2654,11999
2655,12013
2656,11978
2657,11961
2658,11963
2659,16231
2660,24702
2661,4310
2662,22468
2663,22444
2664,24694
2665,639
2666,644
2667,22440
2668,28665
2669,19722
2670,24483
2671,22852
2672,23773
2673,651
2674,652
2675,653
2676,12735
2677,12747
2678,20189
2679,28846
2680,598
2681,599
2682,586
2683,587
2684,585
2685,3766
2686,11400
2687,11371
2688,11182
2689,12034
2690,11387
2691,11196
2692,11198
2693,32878
2694,16242
2695,22456
2696,630
2697,629
2698,631
2699,622
2700,12015
2701,11999
2702,12013
2703,11978
2704,11961
2705,11963
2706,16231
2707,24702
2708,4310
2709,22468
2710,22444
2711,24694
2712,639
2713,644
2714,22440
2715,28665
2716,19722
2717,24483
2718,22852
2719,23773
2720,651
2721,652
2722,653
2723,12735
2724,12747
2725,20189
2726,28846
2727,608
2728,607
2729,594
2730,609
2731,592
2732,593
2733,12044
2734,12042
2735,11172
2736,11377
2737,11174
2738,11202
2739,11200
2740,32872
2741,16240
2742,22460
2743,633
2744,634
2745,627
2746,626
2747,12023
2748,12005
2749,12021
2750,11989
2751,11969
2752,11971
2753,16229
2754,24700
2755,4308
2756,22466
2757,22442
2758,645
2759,24690
2760,641
2761,22430
2762,28661
2763,19724
2764,23911
2765,23913
2766,671
2767,655
2768,657
2769,654
2770,656
2771,650
2772,12743
2773,12745
2774,20187
2775,28848
2776,37481
2777,37457
2778,37458
2779,37482
2780,37459
2781,37483
2782,37460
2783,37480
2784,37453
2785,37455
2786,37456
2787,37454
2790,37456
2791,37455
2792,37454
2793,37453
2794,37457
2795,37481
2796,37458
2797,37482
2798,37459
2799,37483
2800,37460
2801,37480
2802,33816
2803,33818
2804,33820
2805,33816
2806,33818
2807,33820
2808,598
2809,599
2810,586
2811,587
2812,585
2813,3766
2814,11400
2815,11371
2816,11182
2817,12034
2818,11387
2819,11196
2820,11198
2821,32878
2822,16242
2823,22456
2825,630
2826,629
2827,631
2828,622
2829,12015
2830,11999
2831,12013
2832,11978
2833,11961
2834,11963
2836,16231
2837,24702
2838,4310
2839,22468
2840,22444
2841,24694
2842,639
2843,644
2844,22440
2845,28665
2846,19722
2847,24483
2848,22852
2849,23773
2850,651
2851,652
2852,653
2853,12735
2854,12747
2855,20189
2856,28846
2857,37460
2858,37480
2859,582
2860,583
2861,584
2862,605
2863,602
2864,603
2865,11381
2866,11379
2867,11192
2868,12032
2869,11194
2870,11176
2871,11178
2872,37458
2873,32876
2874,16238
2875,37482
2876,22464
2877,632
2878,621
2879,623
2880,620
2881,11993
2882,12011
2883,11995
2884,11985
2885,11957
2886,11959
2887,24698
2888,16227
2889,4306
2890,22470
2891,22446
2892,638
2893,24688
2894,640
2895,22436
2896,28710
2897,19726
2898,23915
2899,23917
2900,3764
2901,648
2902,649
2903,12729
2904,12731
2905,20185
2906,28844
2907,644
2908,582
2909,603
2910,623
2911,640
2912,598
2913,599
2914,586
2915,587
2916,585
2917,3766
2918,11400
2919,11371
2920,11182
2921,12034
2922,11387
2923,11196
2924,11198
2925,32878
2926,16242
2927,22456
2928,630
2929,629
2930,631
2931,622
2932,12015
2933,11999
2934,12013
2935,11978
2936,11961
2937,11963
2938,16231
2939,24702
2940,4310
2941,22468
2942,22444
2943,24694
2944,639
2945,644
2946,22440
2947,28665
2948,19722
2949,24483
2950,22852
2951,23773
2952,651
2953,652
2954,653
2955,12735
2956,12747
2957,20189
2958,28846
2959,37460
2960,37480
2963,640
2964,603
2965,623
2968,670
2968,33328
2969,670
2969,33328
2970,2006
2971,4302
2972,24692
2981,37604
2982,37605
2983,37605
2984,37605
2985,37607
2986,37606
2987,37606
2988,37606
3003,582
3004,583
3005,584
3006,605
3007,602
3008,603
3009,11381
3010,11379
3011,11192
3012,12032
3013,11194
3014,11176
3015,11178
3016,37458
3017,32876
3018,16238
3019,37482
3020,22464
3021,632
3022,621
3023,623
3024,620
3025,11993
3026,12011
3027,11995
3028,11985
3029,11957
3030,11959
3031,24698
3032,16227
3033,4306
3034,22470
3035,22446
3036,638
3037,24688
3038,640
3039,22436
3040,28710
3041,19726
3042,23915
3043,23917
3044,3764
3045,648
3046,649
3047,12729
3048,12731
3049,20185
3050,28844
3051,37605
3052,644
3053,582
3054,603
3055,623
3056,640
3057,640
3058,603
3059,623
3060,670
3060,33328
3061,670
3061,33328
3062,2006
3063,4302
3064,24692
3065,37605
3066,37604
3067,37605
3068,37606
3069,37607
3070,37606
3071,37606
3072,608
3073,607
3074,594
3075,609
3076,592
3077,593
3078,12044
3079,12042
3080,11172
3081,11377
3082,11174
3083,11202
3084,11200
3085,37459
3086,32872
3087,16240
3088,37483
3089,22460
3090,35683
3091,633
3092,634
3093,627
3094,626
3095,12023
3096,12005
3097,12021
3098,11989
3099,11969
3100,11971
3101,29988
3102,16229
3103,24700
3104,4308
3105,22466
3106,22442
3107,645
3108,24690
3109,641
3110,22430
3111,28661
3112,19724
3113,23911
3114,23913
3115,671
3116,655
3117,657
3118,654
3119,656
3120,650
3121,12743
3122,12745
3123,20187
3124,28848
3127,608
3128,607
3129,594
3130,609
3131,592
3132,593
3133,12044
3134,12042
3135,11172
3136,11377
3137,11174
3138,11202
3139,11200
3140,37459
3141,32872
3142,16240
3143,37483
3144,22460
3145,35683
3146,633
3147,634
3148,627
3149,626
3150,12023
3151,12005
3152,12021
3153,11989
3154,11969
3155,11971
3156,29988
3157,16229
3158,24700
3159,4308
3160,22466
3161,22442
3162,645
3163,24690
3164,641
3165,22430
3166,28661
3167,19724
3168,23911
3169,23913
3170,671
3171,655
3172,657
3173,654
3174,656
3175,650
3176,12743
3177,12745
3178,20187
3179,28848
3180,11134
3181,596
3182,2161
3183,589
3184,590
3185,29248
3186,597
3187,591
3188,11393
3189,11365
3190,11188
3191,12038
3192,11190
3193,11184
3194,11186
3195,37457
3196,17703
3197,37453
3198,16236
3199,32874
3200,37481
3201,22452
3202,34317
3203,628
3204,625
3205,624
3206,2006
3207,12019
3208,12003
3209,12017
3210,11987
3211,20125
3212,11965
3213,29986
3214,29337
3215,17709
3216,24696
3217,4302
3218,16233
3219,22448
3220,22474
3221,33155
3222,24692
3223,642
3224,643
3225,22428
3226,28659
3227,17726
3228,32305
3229,19720
3230,23757
3231,23919
3232,11567
3233,1944
3234,19744
3235,12733
3236,12753
3237,20183
3238,28850
3251,32880
3252,37135
3253,33697
3254,17480
3255,17478
3256,17476
3257,22546
3258,22548
3259,22544
3260,34328
3261,28606
3262,28352
3275,32880
3276,37135
3277,33697
3278,17480
3279,17478
3280,17476
3281,22546
3282,22548
3283,22544
3284,34328
3285,28606
3286,28352
3287,37604
3288,32880
3289,37135
3290,33697
3291,17480
3292,17478
3293,17476
3294,22546
3295,22548
3296,22544
3297,34328
3298,28606
3299,28352
3300,2161
3301,589
3302,590
3303,29248
3304,597
3305,591
3306,11393
3307,11365
3308,11188
3309,12038
3310,11190
3311,11184
3312,11186
3313,37457
3314,17703
3315,37453
3316,16236
3317,32874
3318,37481
3319,22452
3320,628
3321,625
3322,624
3323,2006
3324,12019
3325,12003
3326,12017
3327,11987
3328,20125
3329,11965
3330,29337
3331,17709
3332,24696
3333,4302
3334,16233
3335,22448
3336,22474
3337,33155
3338,24692
3339,642
3340,643
3341,22428
3342,28659
3343,17726
3344,32305
3345,19720
3346,23757
3347,23919
3348,11567
3349,1944
3350,19744
3351,12733
3352,12753
3353,20183
3354,28850
3356,34317
3357,37604
3358,596
3359,11134
3360,11134
3361,596
3362,2161
3363,589
3364,590
3365,29248
3366,597
3367,591
3368,11393
3369,11365
3370,11188
3371,12038
3372,11190
3373,11184
3374,11186
3375,37457
3376,17703
3377,37453
3378,16236
3379,32874
3380,37481
3381,22452
3382,34317
3383,628
3384,625
3385,624
3386,2006
3387,12019
3388,12003
3389,12017
3390,11987
3391,20125
3392,11965
3393,29986
3394,29337
3395,17709
3396,24696
3397,4302
3398,16233
3399,22448
3400,22474
3401,33155
3402,24692
3403,642
3404,643
3405,22428
3406,28659
3407,17726
3408,32305
3409,19720
3410,23757
3411,23919
3412,11567
3413,1944
3414,19744
3415,12733
3416,12753
3417,20183
3418,28850
3419,37604
3421,32880
3422,37135
3423,33697
3424,17480
3425,17478
3426,17476
3427,22546
3428,22548
3429,22544
3430,34328
3431,28606
3432,28352
3433,32880
3434,37135
3435,33697
3436,17480
3437,17478
3438,17476
3439,22546
3440,22548
3441,22544
3442,34328
3443,28606
3444,28352
3445,32880
3446,37135
3447,33697
3448,17480
3449,17478
3450,17476
3451,22546
3452,22548
3453,22544
3454,34328
3455,28606
3456,28352
3457,20187
3458,24690
3459,23911
3460,627
3461,594
3537,2161
3538,589
3539,590
3540,29248
3541,597
3542,591
3543,11393
3544,11365
3545,11188
3546,12038
3547,11190
3548,11184
3549,11186
3550,37457
3551,16236
3552,32874
3553,37481
3554,22452
3555,628
3556,625
3557,624
3558,2006
3559,12019
3560,12003
3561,12017
3562,11987
3563,20125
3564,11965
3565,24696
3566,4302
3567,16233
3568,22448
3569,22474
3570,24692
3571,642
3572,643
3573,22428
3574,28659
3575,19720
3576,23757
3577,23919
3578,11567
3579,1944
3580,19744
3581,12733
3582,12753
3583,20183
3584,28850
3585,3756
3586,42685
3587,29266
3588,17926
3589,17922
3590,17920
3591,19720
3592,23757
3593,23919
3594,11567
3595,17480
3596,17478
3597,17476
3598,22546
3599,22548
3600,22544
3601,34328
3602,28606
3603,28352
3604,2863
3605,2998
3620,32880
3621,37135
3622,33697
3623,17480
3624,17478
3625,17476
3626,22546
3627,22548
3628,22544
3629,34328
3630,28606
3631,28352
3632,42244
3633,32880
3634,37135
3635,33697
3636,17480
3637,17478
3638,17476
3639,22546
3640,22548
3641,22544
3642,34328
3643,28606
3644,28352
3645,42244
3646,32880
3647,37135
3648,33697
3649,17480
3650,17478
3651,17476
3652,22546
3653,22548
3654,22544
3655,34328
3656,28606
3657,28352
3658,42244
3659,32880
3660,37135
3661,33697
3662,17480
3663,17478
3664,17476
3665,22546
3666,22548
3667,22544
3668,34328
3669,28606
3670,28352
3671,42244
3672,32880
3673,37135
3674,33697
3675,17480
3676,17478
3677,17476
3678,22546
3679,22548
3680,22544
3681,34328
3682,28606
3683,28352
3684,42244
3685,32880
3686,37135
3687,33697
3688,17480
3689,17478
3690,17476
3691,22546
3692,22548
3693,22544
3694,34328
3695,28606
3696,28352
3697,42244
3698,32880
3699,37135
3700,33697
3701,17480
3702,17478
3703,17476
3704,22546
3705,22548
3706,22544
3707,34328
3708,28606
3709,28352
3710,42244
3711,32880
3712,37135
3713,33697
3714,17480
3715,17478
3716,17476
3717,22546
3718,22548
3719,22544
3720,34328
3721,28606
3722,28352
3723,42244
3725,17920
3725,17922
3725,17926
3725,33079
3725,42241
3725,42242
3725,42243
3726,28606
3727,22546
3728,22544
3729,28352
3730,22548
3731,34317
3733,28659
3739,2161
3740,589
3741,590
3742,29248
3743,597
3744,591
3745,16236
3746,32874
3747,628
3748,625
3749,624
3750,2006
3751,596
3752,601
3753,582
3754,605
3755,602
3756,584
3757,583
3758,603
3759,16238
3760,32876
3761,620
3762,632
3763,621
3764,623
3765,588
3766,599
3767,586
3768,585
3769,598
3770,3766
3771,587
3772,16242
3773,32878
3774,631
3775,630
3776,622
3777,629
3778,606
3779,608
3780,607
3781,594
3782,609
3783,592
3784,593
3785,16240
3786,32872
3787,634
3788,633
3789,626
3790,627
3791,32880
3792,597
3793,594
3794,587
3795,603
3796,33470
3797,33468
3798,33472
3803,617
3804,17932
3805,17720
3806,17738
3807,617
3808,17932
3809,17720
3810,17738
3811,617
3812,17932
3813,17720
3814,17738
3815,33816
3816,33818
3817,33820
3818,33816
3819,33818
3820,33820
3821,33818
3822,33820
3823,33816
3824,3756
3825,29266
3826,42685
3827,642
3828,596
3829,2161
3830,589
3831,590
3832,29248
3833,597
3834,591
3835,11393
3836,11365
3837,11188
3838,12038
3839,11190
3840,11184
3841,11186
3842,37457
3843,17703
3844,37453
3845,16236
3846,32874
3847,37481
3848,22452
3849,34317
3850,628
3851,625
3852,624
3853,2006
3854,12019
3855,12003
3856,12017
3857,11987
3858,20125
3859,11965
3860,29337
3861,17709
3862,24696
3863,4302
3864,16233
3865,22448
3866,22474
3867,33155
3868,24692
3869,642
3870,643
3871,22428
3872,28659
3873,17726
3874,32305
3875,19720
3876,23757
3877,23919
3878,11567
3879,1944
3880,19744
3881,12733
3882,12753
3883,20183
3884,28850
3885,37604
3886,3756
3887,2161
3888,589
3889,590
3890,29248
3891,597
3892,591
3893,11393
3894,11365
3895,11188
3896,12038
3897,11190
3898,11184
3899,11186
3900,37457
3901,16236
3902,32874
3903,37481
3904,22452
3905,628
3906,625
3907,624
3908,2006
3909,12019
3910,12003
3911,12017
3912,11987
3913,20125
3914,11965
3915,24696
3916,4302
3917,16233
3918,22448
3919,22474
3920,24692
3921,642
3922,643
3923,22428
3924,28659
3925,19720
3926,23757
3927,23919
3928,11567
3929,1944
3930,19744
3931,12733
3932,12753
3933,20183
3934,28850
3939,17926
3940,17922
3941,17920
3942,17480
3943,17478
3944,17476
3945,22546
3946,22548
3947,22544
3948,34328
3949,28606
3950,28352
3951,2863
3952,2998
3953,11129
3954,606
3955,608
3956,607
3957,594
3958,609
3959,592
3960,593
3961,12044
3962,12042
3963,11172
3964,11377
3965,11174
3966,11202
3967,11200
3968,37459
3969,17841
3970,37456
3971,32872
3972,16240
3973,37483
3974,22460
3975,35683
3976,633
3977,634
3978,627
3979,626
3980,12023
3981,12005
3982,12021
3983,11989
3984,11969
3985,11971
3986,29988
3987,29344
3988,17843
3989,16229
3990,24700
3991,4308
3992,22466
3993,22442
3994,33151
3995,645
3996,24690
3997,641
3998,22430
3999,28661
4000,32307
4001,17728
4002,19724
4003,23911
4004,23913
4005,671
4006,655
4007,657
4008,654
4009,656
4010,650
4011,12743
4012,12745
4013,20187
4014,28848
4015,17738
4016,17720
4017,17932
4052,638
4053,16238
4054,621
4055,24698
4056,33468
4057,33470
4058,33472
4059,17841
4060,37456
4061,29344
4062,17843
4063,33151
4064,32307
4065,17728
4068,33470
4193,33470
4194,44995
4195,44993
4196,670
4196,33328
4197,33468
4198,33470
4199,33472
4200,33081
4201,17930
4202,17715
4203,17918
4209,17715
4209,17918
4209,17930
4209,33081
4209,45645
4209,45647
4209,45649
4210,24702
4211,587
4212,24483
4213,22852
4214,22456
4215,19722
4216,644
4217,593
4218,11172
4219,32872
4220,16240
4221,35683
4222,627
4223,626
4224,12005
4225,17843
4226,645
4227,641
4228,28661
4229,19724
4230,23911
4231,23913
4232,655
4233,657
4234,656
4235,650
4236,12743
4237,12745
4238,20187
4239,671
4240,22430
4241,24692
4242,642
4243,643
4244,17738
4246,11134
4247,596
4248,2161
4249,589
4250,590
4251,29248
4252,597
4253,591
4254,11393
4255,11365
4256,11188
4257,12038
4258,11190
4259,11184
4260,11186
4261,37457
4262,17703
4263,37453
4264,16236
4265,32874
4266,37481
4267,22452
4268,34317
4269,628
4270,625
4271,624
4272,2006
4273,12019
4274,12003
4275,12017
4276,11987
4277,20125
4278,11965
4279,29986
4280,29337
4281,17709
4282,24696
4283,4302
4284,16233
4285,22448
4286,22474
4287,33155
4288,24692
4289,642
4290,643
4291,22428
4292,28659
4293,17726
4294,32305
4295,19720
4296,23757
4297,23919
4298,11567
4299,1944
4300,19744
4301,12733
4302,12753
4303,20183
4304,28850
4305,672
4306,601
4307,582
4308,583
4309,584
4310,605
4311,602
4312,603
4313,11381
4314,11379
4315,11192
4316,12032
4317,11194
4318,11176
4319,11178
4320,37458
4321,17619
4322,37455
4323,32876
4324,16238
4325,37482
4326,22464
4327,34828
4328,632
4329,621
4330,623
4331,620
4332,11993
4333,12011
4334,11995
4335,11985
4336,11957
4337,11959
4338,29984
4339,17634
4340,29340
4341,24698
4342,16227
4343,4306
4344,22470
4345,22446
4346,33153
4347,638
4348,24688
4349,640
4350,22436
4351,28710
4352,17636
4353,32309
4354,19726
4355,23915
4356,23917
4357,3764
4358,648
4359,649
4360,12729
4361,12731
4362,20185
4363,28844
4364,11129
4365,606
4366,608
4367,607
4368,594
4369,609
4370,592
4371,593
4372,12044
4373,12042
4374,11172
4375,11377
4376,11174
4377,11202
4378,11200
4379,37459
4380,17841
4381,37456
4382,32872
4383,16240
4384,37483
4385,22460
4386,35683
4387,633
4388,634
4389,627
4390,626
4391,12023
4392,12005
4393,12021
4394,11989
4395,11969
4396,11971
4397,29988
4398,29344
4399,17843
4400,16229
4401,24700
4402,4308
4403,22466
4404,22442
4405,33151
4406,645
4407,24690
4408,641
4409,22430
4410,28661
4411,32307
4412,17728
4413,19724
4414,23911
4415,23913
4416,671
4417,655
4418,657
4419,654
4420,656
4421,650
4422,12743
4423,12745
4424,20187
4425,28848
4426,11132
4427,588
4428,598
4429,599
4430,586
4431,587
4432,585
4433,3766
4434,11400
4435,11371
4436,11182
4437,12034
4438,11387
4439,11196
4440,11198
4441,37460
4442,17812
4443,37454
4444,32878
4445,16242
4446,37480
4447,22456
4448,34562
4449,630
4450,629
4451,631
4452,622
4453,12015
4454,11999
4455,12013
4456,11978
4457,11961
4458,11963
4459,29990
4460,29336
4461,17713
4462,16231
4463,24702
4464,4310
4465,22468
4466,22444
4467,33157
4468,24694
4469,639
4470,644
4471,22440
4472,28665
4473,17732
4474,32311
4475,19722
4476,24483
4477,22852
4478,23773
4479,651
4480,652
4481,653
4482,12735
4483,12747
4484,20189
4485,28846
4486,44993
4487,44995
4488,29984
4489,22852
4490,24483
4491,19722
4492,629
4493,12013
4494,12015
4495,44995
4496,44993
4497,29986
4499,29984
4500,29988
4501,29990
4502,17722
4503,33083
4504,17740
4505,42124
4506,42125
4507,42126
4508,17928
4509,582
4510,583
4511,584
4512,605
4513,602
4514,603
4515,11381
4516,11379
4517,11192
4518,12032
4519,11194
4520,11176
4521,11178
4522,37458
4523,17619
4524,37455
4525,32876
4526,16238
4527,37482
4528,22464
4529,34828
4530,632
4531,621
4532,623
4533,620
4534,11993
4535,12011
4536,11995
4537,11985
4538,11957
4539,11959
4540,29984
4541,17634
4542,29340
4543,24698
4544,16227
4545,4306
4546,22470
4547,22446
4548,33153
4549,638
4550,24688
4551,640
4552,22436
4553,28710
4554,17636
4555,32309
4556,19726
4557,23915
4558,23917
4559,3764
4560,648
4561,649
4562,12729
4563,12731
4564,20185
4565,28844
4567,37604
4568,37605
4569,37607
4570,37606
4571,37605
4572,23915
4592,638
4593,4306
4594,24692
4595,645
4596,644
4597,608
4598,607
4599,594
4600,609
4601,592
4602,593
4603,12044
4604,12042
4605,11172
4606,11377
4607,11174
4608,11202
4609,11200
4610,37459
4611,17841
4612,37456
4613,32872
4614,16240
4615,37483
4616,22460
4617,35683
4618,633
4619,634
4620,627
4621,626
4622,12023
4623,12005
4624,12021
4625,11989
4626,11969
4627,11971
4628,29988
4629,29344
4630,17843
4631,16229
4632,24700
4633,4308
4634,22466
4635,22442
4636,33151
4637,645
4638,24690
4639,641
4640,22430
4641,28661
4642,32307
4643,17728
4644,19724
4645,23911
4646,23913
4647,671
4648,655
4649,657
4650,654
4651,656
4652,650
4653,12743
4654,12745
4655,20187
4656,28848
4657,37607
4658,33468
4659,33470
4660,33472
4661,12038
4662,32874
4663,34317
4664,12019
4665,12017
4666,11987
4667,16233
4668,24696
4669,4302
4670,643
4671,24692
4672,28659
4673,20183
4674,19720
4675,23757
4676,11567
4677,28352
4678,32872
4679,16240
4680,645
4681,671
4682,35683
4683,11172
4684,12005
4685,28661
4686,641
4687,19724
4688,23913
4689,20187
4690,22430
4691,23911
4692,627
4693,593
4694,626
4696,17722
4696,17740
4696,33083
4696,42124
4696,42125
4696,42126
4696,42132
4697,17928
4698,597
4699,2006
4700,24696
4701,642
4702,603
4703,621
4704,24698
4705,638
4706,594
4707,627
4708,16229
4709,641
4710,587
4711,629
4712,24702
4713,639
4724,29248
4725,2006
4726,4302
4727,24692
4728,11567
4729,603
4730,621
4731,24698
4732,638
4733,19726
4734,593
4735,626
4736,4308
4737,645
4738,23913
4739,585
4740,629
4741,24702
4742,644
4743,22852
4744,16238
4745,34828
4746,621
4747,11993
4748,24698
4749,638
4750,28710
4751,32880
4752,17480
4753,17478
4754,17476
4755,22546
4756,22548
4757,22544
4758,28606
4759,28352
4760,2998
4761,1944
4762,12733
4763,12753
4764,652
4765,12735
4766,12747
4767,657
4768,12743
4769,12745
4770,649
4771,12729
4772,12731
4773,11134
4774,11393
4775,11365
4776,11188
4777,12038
4778,11190
4779,11184
4780,11186
4781,37457
4782,17703
4783,37453
4784,37481
4785,22452
4786,34317
4787,12019
4788,12003
4789,12017
4790,11987
4791,20125
4792,11965
4793,29986
4794,29337
4795,17709
4796,24696
4797,4302
4798,16233
4799,22448
4800,22474
4801,33155
4802,24692
4803,642
4804,643
4805,22428
4806,28659
4807,17726
4808,32305
4809,19720
4810,23757
4811,23919
4812,11567
4813,1944
4814,19744
4815,12733
4816,12753
4817,20183
4818,28850
4819,17926
4820,17922
4821,17920
4822,42243
4823,42242
4824,42241
4825,672
4826,11381
4827,11379
4828,11192
4829,12032
4830,11194
4831,11176
4832,11178
4833,37458
4834,17619
4835,37455
4836,37482
4837,22464
4838,34828
4839,11993
4840,12011
4841,11995
4842,11985
4843,11957
4844,11959
4845,29984
4846,17634
4847,29340
4848,24698
4849,16227
4850,4306
4851,22470
4852,22446
4853,33153
4854,638
4855,24688
4856,640
4857,22436
4858,28710
4859,17636
4860,32309
4861,19726
4862,23915
4863,23917
4864,3764
4865,648
4866,649
4867,12729
4868,12731
4869,20185
4870,28844
4871,17930
4872,17715
4873,17918
4874,45647
4875,45645
4876,45649
4877,11132
4878,11400
4879,11371
4880,11182
4881,12034
4882,11387
4883,11196
4884,11198
4885,37460
4886,17812
4887,37454
4888,37480
4889,22456
4890,34562
4891,631
4892,622
4893,12015
4894,11999
4895,12013
4896,11978
4897,11961
4898,11963
4899,29990
4900,29336
4901,17713
4902,16231
4903,24702
4904,4310
4905,22468
4906,22444
4907,33157
4908,24694
4909,639
4910,644
4911,22440
4912,28665
4913,17732
4914,32311
4915,19722
4916,24483
4917,22852
4918,23773
4919,651
4920,652
4921,653
4922,12735
4923,12747
4924,20189
4925,28846
4926,11129
4927,12044
4928,12042
4929,11172
4930,11377
4931,11174
4932,11202
4933,11200
4934,37459
4935,17841
4936,37456
4937,37483
4938,22460
4939,35683
4940,12023
4941,12005
4942,12021
4943,11989
4944,11969
4945,11971
4946,29988
4947,29344
4948,17843
4949,16229
4950,24700
4951,4308
4952,22466
4953,22442
4954,33151
4955,645
4956,24690
4957,641
4958,22430
4959,28661
4960,32307
4961,17728
4962,19724
4963,23911
4964,23913
4965,671
4966,655
4967,657
4968,654
4969,656
4970,650
4971,12745
4972,20187
4973,28848
4974,17722
4975,17740
4976,12743
4977,42124
4978,42125
4979,42126
4980,37135
4981,33697
4982,17480
4983,17478
4984,17476
4985,22546
4986,22548
4987,22544
4988,34328
4989,28606
4990,28352
4991,2863
4992,2998
4993,42244
4994,17928
4995,17932
4996,17720
4997,17738
4998,44995
4999,44993
5000,44996
5001,33816
5002,33818
5003,33820
5004,17924
5005,17718
5006,17736
5007,3514
5008,3756
5009,29266
5010,42685
5011,33468
5012,33470
5013,33472
5014,17918
5015,17918
5016,37604
5017,37605
5018,37607
5019,37606
5020,11940
5022,4306
5023,17720
5024,29337
5027,4302
5028,643
5029,12005
5030,24702
5031,11993
5032,33820
5037,44996
5038,44996
5039,44996
5040,629
5041,12015
5042,12013
5043,631
5044,29336
5045,11978
5046,24702
5047,33157
5048,22444
5049,4310
5050,644
5051,32311
5052,639
5053,17732
5054,22440
5055,28665
5056,24483
5057,37606
5058,22852
5059,33468
5060,33470
5061,33472
5066,4308
5071,23919
5072,23911
5073,23917
5074,24483
5075,17932
5076,17720
5077,17738
5078,2161
5079,625
5080,24696
5081,643
5082,19720
5083,23757
5084,584
5085,621
5086,24698
5087,640
5088,19726
5089,23915
5090,3766
5091,622
5092,24702
5093,639
5094,19722
5095,24483
5096,23773
5097,17843
5098,33468
5099,33470
5100,33472
5101,643
5102,624
5103,590
5104,23757
5105,23915
5106,638
5107,621
5108,603
5109,24690
5110,634
5111,608
5112,23911
5113,644
5114,622
5115,598
5116,22852
5117,17930
5118,17715
5119,17918
5120,594
5121,12042
5122,12044
5124,32872
5125,37483
5126,35683
5127,627
5128,626
5129,17843
5130,12005
5131,4308
5132,645
5133,32307
5134,22430
5135,37607
5136,23911
5137,23913
5138,671
5139,17932
5140,29266
5141,42685
5142,3756
5143,29266
5144,42685
5145,3756
5146,29266
5147,42685
5148,3756
5149,16238
5150,34828
5151,621
5152,17634
5153,11993
5154,24698
5155,33153
5156,638
5157,17636
5158,28710
5159,11186
5160,12003
5161,2006
5162,4302
5163,642
5164,589
5165,11178
5166,11993
5167,24698
5168,23917
5169,594
5170,12005
5171,24700
5172,24690
5173,11196
5174,11999
5175,4310
5176,639
5177,11567
5178,37604
5179,3764
5180,37605
5181,671
5182,37607
5183,23773
5184,37606
5185,29266
5186,42685
5187,3756
5188,47466
5190,670
5190,33328
5191,29266
5192,42685
5193,3756
5194,47466
5195,44993
5196,44995
5197,45534
5198,44996
5199,45534
5200,645
5201,17740
5202,17740
5203,582
5204,583
5205,584
5206,605
5207,602
5208,603
5209,11381
5210,11379
5211,11192
5212,12032
5213,11194
5214,11176
5215,11178
5216,37458
5217,17619
5218,37455
5219,32876
5220,16238
5221,37482
5222,22464
5223,34828
5224,632
5225,621
5226,623
5227,620
5228,11993
5229,12011
5230,11995
5231,11985
5232,11957
5233,11959
5234,29984
5235,17634
5236,29340
5237,24698
5238,16227
5239,4306
5240,22470
5241,22446
5242,33153
5243,638
5244,24688
5245,640
5246,22436
5247,28710
5248,17636
5249,32309
5250,19726
5251,23915
5252,23917
5253,3764
5254,648
5255,649
5256,12729
5257,12731
5258,20185
5259,28844
5260,37605
5261,23913
5262,28659
5263,17843
5264,22440
5265,16227
5266,590
5267,16236
5268,628
5269,16233
5270,584
5271,32876
5272,632
5273,4306
5274,608
5275,32872
5276,627
5277,4308
5278,585
5279,16242
5280,622
5281,16231
5282,11987
5283,22448
5284,22474
5285,19720
5286,23919
5287,11567
5288,28850
5289,20183
5292,35825
5292,35826
5292,35827
5292,35832
5292,35833
5292,35834
5292,35835
5292,35836
5292,35840
5292,35841
5292,37534
5293,35825
5293,35826
5293,35827
5293,35832
5293,35833
5293,35834
5293,35835
5293,35836
5293,35840
5293,35841
5293,37534
5294,35825
5294,35826
5294,35827
5294,35832
5294,35833
5294,35834
5294,35835
5294,35836
5294,35840
5294,35841
5294,37534
5295,35825
5295,35826
5295,35827
5295,35832
5295,35833
5295,35834
5295,35835
5295,35836
5295,35840
5295,35841
5295,37534
5296,598
5297,599
5298,586
5299,587
5300,585
5301,3766
5302,11400
5303,11371
5304,11182
5305,12034
5306,11387
5307,11196
5308,11198
5309,37460
5310,17812
5311,37454
5312,630
5313,629
5314,631
5315,622
5316,12015
5317,11999
5318,12013
5319,11978
5320,11961
5321,11963
5322,29990
5323,29336
5324,17713
5325,24694
5326,639
5327,644
5328,22440
5329,28665
5330,17732
5331,32311
5332,22440
5333,28665
5334,19722
5335,24483
5336,22852
5337,23773
5338,16242
5339,34562
5340,24702
5341,24694
5342,29984
5343,29984
5344,11987
5345,24696
5346,33155
5347,11959
5348,16227
5349,33153
5350,17930
5351,17715
5352,17918
5353,626
5354,17843
5355,12005
5356,16229
5357,33151
5358,24702
5359,33157
5360,32311
5361,47269
5362,47270
5363,47271
5364,34828
5365,44993
5366,44995
5367,44996
5368,44993
5369,44995
5370,44996
5386,47269
5387,47270
5388,47271
5389,47269
5390,47270
5391,47271
5392,655
5455,625
5456,620
5457,634
5458,631
5459,11987
5460,11985
5461,11989
5462,11978
5463,32876
5464,37482
5465,24698
5466,4306
5467,24688
5468,638
5469,28710
5470,19726
5471,28352
5476,29984
5477,17715
5479,22444
5480,597
5481,12003
5482,12011
5483,16227
5484,16229
5485,585
5486,22456
5487,24702
5489,11186
5490,11188
5491,16236
5492,22452
5493,17709
5494,20125
5495,11965
5496,12003
5497,33155
5498,22448
5499,22474
5500,642
5501,17726
5502,32305
5503,22428
5504,37604
5505,12733
5506,12753
5507,28850
5515,24692
5516,638
5517,645
5518,644
5645,28352
5646,17932
5647,17720
5648,17928
5649,17722
5650,17740
5651,29248
5652,24690
5653,4306
5654,17720
5655,29337
5656,587
5657,644
5658,32880
5659,37135
5660,33697
5661,17480
5662,17478
5663,17476
5664,22546
5665,22548
5666,22544
5667,34328
5668,28606
5669,28352
5670,42244
5671,32880
5672,37135
5673,33697
5674,17480
5675,17478
5676,17476
5677,22546
5678,22548
5679,22544
5680,34328
5681,28606
5682,28352
5683,42244
5684,32880
5685,37135
5686,33697
5687,17480
5688,17478
5689,17476
5690,22546
5691,22548
5692,22544
5693,34328
5694,28606
5695,28352
5696,42244
5697,32880
5698,37135
5699,33697
5700,17480
5701,17478
5702,17476
5703,22546
5704,22548
5705,22544
5706,34328
5707,28606
5708,28352
5709,42244
5710,22428
5711,37604
5712,23919
5713,28710
5714,23917
5715,3764
5716,28661
5717,23911
5718,671
5719,22440
5720,24483
5721,23773
5722,11567
5723,17715
5724,17738
5725,33468
5726,626
5727,629
5728,621
5729,2006
5730,17722
5731,17922
5732,17715
5733,17720
5734,33468
5735,33470
5736,33472
5737,20183
5738,28659
5739,29984
5740,28710
5741,47269
5742,47270
5743,47271
5744,17738
5784,17715
5785,17715
5786,17715
5789,29266
5790,34317
5791,642
5792,643
5793,22428
5794,17726
5795,32305
5796,19720
5797,23919
5798,11567
5799,37604
5800,42685
5801,3756
5802,47466
5807,597
5813,593
5816,24698
5819,629
5822,24702
5824,603
5825,2006
5826,641
5835,47269
5836,49710
5837,47270
5838,49712
5839,49713
5840,49711
5841,47271
5846,49710
5847,49712
5848,49713
5849,49711
5859,4302
5860,28659
5861,28850
5865,34828
5866,11993
5867,37605
5868,17843
5869,4308
5870,645
5871,22444
5872,644
5873,22440
5874,33468
5875,33470
5876,33472
5877,626
5878,12005
5879,23913
5880,4308
5881,4310
5882,17740
5883,17738
5896,34317
5897,22428
5898,11567
5899,12011
5900,11985
5901,3764
5902,12023
5903,23913
5904,671
5908,22456
5909,22440
5910,23773
5911,47269
5912,49710
5913,47270
5914,49712
5915,49713
5916,49711
5917,47271
5918,35683
5919,12023
5920,12005
5921,28661
5922,23911
5923,23913
5924,671
5925,11377
5926,47271
5927,47270
5928,49710
7929,17715
7930,29984
7931,22444
7932,49710
7933,47270
7934,47271
7935,29266
7936,42685
7937,3756
7938,47466
7939,4302
7940,24698
7941,4310
7942,24700
7943,24688
7944,22456
7945,52250
7946,52254
7947,52252
7972,628
7973,642
7974,16233
7975,16236
7976,627
7977,641
7978,16229
7979,32872
7981,621
7982,640
7983,24698
7984,16238
7985,622
7986,644
7987,24702
7988,32878
7989,47269
7990,49712
7991,49711
7992,42685
7993,11400
7994,11371
7995,22456
7996,34562
7997,12015
7998,29990
7999,24702
8000,33157
8001,22444
8002,28665
8003,19722
8004,22852
8005,627
8006,16229
8007,33151
8008,24690
8009,37607
8010,671
8011,47269
8012,49712
8013,49711
8026,12032
8027,16238
8028,34828
8029,11993
8030,29340
8031,11985
8032,12011
8033,16227
8034,28710
8035,12731
8036,20185
8037,19726
8038,11184
8039,11186
8040,11393
8041,11365
8042,11188
8043,12038
8044,37481
8045,29337
8046,17709
8047,20125
8048,11965
8049,12003
8050,12019
8051,4302
8052,17726
8053,32305
8054,22428
8055,12733
8056,12753
8057,37604
8058,23757
8063,17924
8064,17736
8065,17718
8066,3514
8070,11381
8071,11379
8072,16238
8073,22464
8074,623
8075,12011
8076,11995
8077,621
8078,620
8079,649
8080,12729
8081,12731
8082,37605
8083,23917
8084,3764
8090,52250
8091,52254
8092,52252
8094,17930
8095,17715
8096,17918
8097,608
8098,607
8099,594
8100,609
8101,592
8102,593
8103,12044
8104,12042
8105,11172
8106,11377
8107,11174
8108,11202
8109,11200
8110,37459
8111,17841
8112,37456
8113,32872
8114,16240
8115,37483
8116,22460
8117,35683
8118,633
8119,634
8120,627
8121,626
8122,12023
8123,12005
8124,12021
8125,11989
8126,11969
8127,11971
8128,29988
8129,29344
8130,17843
8131,16229
8132,24700
8133,4308
8134,22466
8135,22442
8136,33151
8137,645
8138,24690
8139,641
8140,22430
8141,28661
8142,32307
8143,17728
8144,19724
8145,23911
8146,23913
8147,671
8148,655
8149,657
8150,654
8151,656
8152,650
8153,12743
8154,12745
8155,20187
8156,28848
8157,37607
8158,17703
8159,11186
8160,12038
8161,34317
8162,20125
8163,12017
8164,16233
8165,22474
8166,642
8167,17726
8168,643
8169,32305
8170,22428
8171,19720
8172,11567
8173,20183
8174,598
8175,599
8176,586
8177,587
8178,585
8179,3766
8180,11400
8181,11371
8182,11182
8183,12034
8184,11387
8185,11196
8186,11198
8187,37460
8188,17812
8189,37454
8190,32878
8191,16242
8192,37480
8193,22456
8194,34562
8195,630
8196,629
8197,631
8198,622
8199,12015
8200,11999
8201,12013
8202,11978
8203,11961
8204,11963
8205,29990
8206,29336
8207,17713
8208,16231
8209,24702
8210,4310
8211,22468
8212,22444
8213,33157
8214,24694
8215,639
8216,644
8217,22440
8218,28665
8219,17732
8220,32311
8221,19722
8222,24483
8223,22852
8224,23773
8225,651
8226,652
8227,653
8228,12735
8229,12747
8230,20189
8231,28846
8232,37606
8233,22474
8234,28659
8235,11567
8236,24698
8237,28710
8238,3764
8239,16229
8240,641
8241,23913
8242,4310
8243,644
8244,22852
8245,17926
8246,17922
8247,17920
8248,52250
8249,52252
8250,52254
8252,642
8253,628
8254,16233
8255,16236
8256,621
8257,640
8258,24698
8259,16238
8260,627
8261,641
8263,32872
8264,622
8265,644
8266,24702
8267,32878
8268,582
8269,583
8270,584
8271,605
8272,602
8273,603
8274,11381
8275,11379
8276,11192
8277,12032
8278,11194
8279,11176
8280,11178
8281,37458
8282,17619
8283,37455
8284,32876
8285,16238
8286,37482
8287,22464
8288,34828
8289,632
8290,621
8291,623
8292,620
8293,11993
8294,12011
8295,11995
8296,11985
8297,11957
8298,11959
8299,29984
8300,17634
8301,29340
8302,24698
8303,16227
8304,4306
8305,22470
8306,22446
8307,33153
8308,638
8309,24688
8310,640
8311,22436
8312,28710
8313,17636
8314,32309
8315,19726
8316,23915
8317,23917
8318,3764
8319,648
8320,649
8321,12729
8322,12731
8323,20185
8324,28844
8325,37605
8326,597
8327,603
8328,594
8329,587
8330,16229
8331,16236
8332,16238
8333,16240
8334,16242
8335,52252
8336,52250
8337,52254
8338,639
8339,24702
8340,16242
8341,629
8342,585
8343,642
8344,24696
8345,16236
8346,624
8347,589
8348,583
8349,623
8350,16238
8351,24698
8352,638
8353,608
8354,626
8355,16240
8356,24700
8357,641
8358,4302
8359,19720
8360,11567
8361,28850
8362,34828
8363,11993
8364,23915
8365,3764
8366,12005
8367,645
8368,23913
8369,671
8370,12015
8371,24702
8372,22440
8373,24483
8374,33468
8375,33470
8376,33472
8377,16242
8378,16240
8379,16236
8380,16238
8397,2161
8398,589
8399,590
8400,29248
8401,597
8402,591
8403,11393
8404,11365
8405,11188
8406,12038
8407,11190
8408,11184
8409,11186
8410,37457
8411,17703
8412,37453
8413,16236
8414,32874
8415,37481
8416,22452
8417,34317
8418,628
8419,625
8420,624
8421,2006
8422,12019
8423,12003
8424,12017
8425,11987
8426,20125
8427,11965
8428,29986
8429,29337
8430,17709
8431,24696
8432,4302
8433,16233
8434,22448
8435,22474
8436,33155
8437,24692
8438,642
8439,643
8440,22428
8441,28659
8442,17726
8443,32305
8444,19720
8445,23757
8446,23919
8447,11567
8448,1944
8449,19744
8450,12733
8451,12753
8452,20183
8453,28850
8455,37604
8456,52250
8457,52254
8458,52252
8459,52907
8460,17932
8461,17720
8462,17738
8463,17928
8464,34317
8465,12003
8466,34828
8467,12011
8468,35683
8469,12005
8470,17722
8471,17740
8472,34562
8473,11999
8474,17715
8475,17715
8476,44993
8477,44995
8478,44996
8479,52250
8480,52254
8481,52252
8482,52907
8485,17930
8486,17715
8487,17918
8488,11993
8489,12005
8490,16229
8491,17715
8492,625
8493,11987
8494,37604
8495,631
8496,11978
8497,37606
8498,620
8499,11985
8500,37605
8501,634
8502,11989
8503,37607
8504,624
8505,623
8506,627
8507,629
8508,583
8509,584
8510,602
8511,11194
8512,32876
8513,37482
8514,621
8515,632
8516,11959
8517,24698
8518,670
8518,33328
8519,29266
8520,42685
8521,3756
8522,47466
8523,624
8524,16233
8525,24692
8528,623
8530,16227
8532,24688
8533,626
8534,16229
8535,645
8536,629
8537,16231
8538,24694
8539,17843
8540,645
8541,32307
8542,23911
8543,33472
8544,49710
8545,49711
8546,47271
8547,11985
8548,11987
8549,37480
8550,2998
8551,17740
8552,33472
8553,49710
8554,49711
8555,47271
8556,11985
8557,11987
8558,37480
8559,2998
8560,17740
8561,34496
9049,44996
9050,44993
9051,44995
9052,11190
9053,22428
9054,12038
9055,12733
9056,12017
9057,12003
9058,29248
9059,590
9060,591
9061,597
9062,24696
9063,4302
9064,16233
9065,24692
9066,642
9067,1944
9068,11567
9069,19720
9070,23919
9071,23757
9072,643
9073,2161
9074,589
9075,37604
9076,20183
9077,19744
9078,16236
9079,32874
9080,34317
9081,628
9082,2006
9083,624
9084,625
9085,29986
9086,11134
9087,596
9088,29337
9089,33155
9090,32305
9091,17726
9092,17703
9093,37453
9094,17709
9095,11365
9096,22474
9097,11188
9098,12753
9099,11186
9100,22452
9101,12019
9102,20125
9103,11393
9104,22448
9105,28659
9106,11184
9107,28850
9108,37457
9109,37481
9110,11987
9111,11965
9264,621
9265,29984
9266,632
9267,648
9268,649
9269,19726
9270,23915
9271,23917
9272,3764
9273,640
9274,24688
9275,638
9276,4306
9277,16227
9278,24698
9279,20185
9280,605
9281,602
9282,603
9283,34828
9284,582
9285,601
9286,672
9287,584
9288,583
9289,37605
9290,623
9291,620
9292,32876
9293,16238
9294,17634
9295,17636
9296,32309
9297,33153
9298,29340
9299,17619
9300,37455
9301,11993
9302,28710
9303,12731
9304,11379
9305,12032
9306,11194
9307,11178
9308,11985
9309,37458
9310,22436
9311,22470
9312,22464
9313,12729
9314,11176
9315,11959
9316,11995
9317,37482
9318,12011
9319,22446
9320,28844
9321,11381
9322,11192
9323,11957
9324,671
9325,627
9326,634
9327,16240
9328,32872
9329,633
9330,641
9331,645
9332,24690
9333,16229
9334,24700
9335,4308
9336,35683
9337,592
9338,593
9339,654
9340,657
9341,655
9342,23913
9343,23911
9344,19724
9345,606
9346,11129
9347,607
9348,608
9349,609
9350,594
9351,656
9352,650
9353,20187
9354,37607
9355,626
9356,29988
9357,37456
9358,17841
9359,33151
9360,17728
9361,32307
9362,29344
9363,17843
9364,22466
9365,11200
9366,11174
9367,11377
9368,12743
9369,28661
9370,12023
9371,11969
9372,37483
9373,22430
9374,22442
9375,12042
9376,11172
9377,28848
9378,12005
9379,22460
9380,37459
9381,12044
9382,11202
9383,12745
9384,12021
9385,11989
9386,11971
9387,630
9388,23773
9389,598
9390,599
9391,11132
9392,588
9393,587
9394,586
9395,3766
9396,585
9397,34562
9398,16242
9399,622
9400,631
9401,629
9402,29990
9403,37606
9404,24694
9405,639
9406,20189
9407,652
9408,653
9409,4310
9410,16231
9411,24702
9412,651
9413,644
9414,19722
9415,22852
9416,24483
9417,32878
9418,29336
9419,17713
9420,17812
9421,37454
9422,33157
9423,17732
9424,32311
9425,11400
9426,11182
9427,37460
9428,11999
9429,28846
9430,12747
9431,22440
9432,11371
9433,12034
9434,11196
9435,12015
9436,11961
9437,22444
9438,28665
9439,12013
9440,11387
9441,11198
9442,37480
9443,22456
9444,11978
9445,11963
9446,12735
9447,22468
9448,22468
9449,24702
9450,644
9451,24483
9452,22852
9453,33157
9454,32311
9455,11987
9456,24692
9457,19720
9458,11567
9459,24698
9460,12729
9461,19726
9462,3764
9463,11129
9464,650
9467,11132
9468,653
9470,597
9471,2006
9472,621
9473,603
9474,627
9475,593
9476,622
9477,587
9479,11134
9480,19744
9481,54731
9482,54732
9483,54733
9484,672
9485,648
9486,11365
9487,11188
9488,12003
9489,12019
9490,4302
9491,24692
9492,37604
9493,28850
9494,23757
9495,23919
9497,34317
9498,16233
9499,643
9500,16227
9501,20185
9502,19726
9503,35683
9504,645
9505,23911
9506,22440
9507,19722
9508,24483
9509,17720
9510,17738
9511,32880
9512,33697
9513,42244
9514,37135
9515,17480
9516,17478
9517,17476
9518,2863
9519,28606
9520,28352
9521,34328
9522,22546
9523,22548
9524,22544
9525,2998
9526,54731
9527,54732
9528,54733
9529,16233
9530,16236
9531,16227
9532,16238
9533,16229
9534,16240
9535,16231
9536,16242
9537,638
9538,644
9539,585
9540,582
9541,17703
9542,17726
9543,32305
9544,29337
9545,37453
9546,33155
9547,17709
9548,591
9549,628
9551,584
9552,605
9553,623
9554,638
9555,640
9556,649
9557,602
9558,33468
9559,621
9560,626
9561,629
9562,624
9563,17480
9564,641
9565,638
9566,24692
9567,639
9568,47270
9569,17715
9570,11198
9571,11387
9572,12013
9573,11963
9574,11978
9575,22468
9576,37480
9577,11182
9578,11400
9579,37460
9580,11999
9581,22440
9582,12747
9583,11196
9584,11371
9585,12034
9586,12015
9587,11961
9588,22444
9589,28665
9590,585
9591,586
9592,598
9593,599
9594,3766
9595,622
9596,629
9597,630
9598,631
9599,16231
9600,4310
9601,16242
9602,32878
9603,24694
9604,651
9605,652
9606,34562
9607,639
9608,653
9609,12735
9610,37606
9611,20189
9612,28846
9613,23773
9614,29990
9617,33816
9618,17718
9619,17920
9620,20187
9621,3764
9622,17918
9623,33470
9624,670
9624,33328
9625,11184
9626,11178
9627,11200
9629,11196
9630,22452
9631,22460
9632,22464
9633,22456
9634,2006
9635,4302
9636,24692
9637,621
9638,4306
9639,24688
9640,627
9641,4308
9642,24690
9643,622
9644,4310
9645,24694
9646,603
9647,16238
9648,621
9649,638
9650,597
9651,16236
9652,624
9653,642
9654,594
9655,16240
9656,626
9657,641
9658,587
9659,16242
9660,622
9661,639
9662,3756
9663,28659
9664,28710
9665,28661
9666,28665
9667,670
9667,33328
9668,602
9669,593
9670,585
9671,591
9672,11393
9673,20183
9674,11192
9675,37605
9676,12023
9677,16229
9678,644
9679,22852
9680,583
9681,608
9682,598
9683,589
9684,17722
9685,17740
9686,17928
9687,17720
9688,17738
9693,639
9694,587
9695,24694
9696,644
9700,638
9703,11381
9708,642
9716,11393
9717,644
9719,11371
9721,641
9722,12044
9723,37453
9724,29337
9725,33155
9726,32305
9727,37455
9728,17634
9729,33153
9730,32309
9733,37454
9734,17713
9735,33157
9736,17732
9737,24702
9738,24696
9739,24698
9740,16229
9741,629
9742,626
9743,621
9744,2006
9745,16231
9746,16233
9747,16227
9748,24700
9749,11198
9750,11186
9751,11176
9752,11202
9753,33157
9754,17713
9755,17709
9756,33155
9757,33151
9758,17843
9759,37455
9760,54731
9761,54732
9762,54733
9763,12042
9764,645
9765,33151
9766,16238
9767,28710
9768,11381
9769,11188
9770,11393
9771,24696
9772,22456
9773,12735
9774,42244
9775,32305
9776,32311
9777,29344
9778,17634
9779,17636
9780,17930
9781,44993
9782,44995
9783,44996
9784,33818
9785,33820
9786,17924
9787,17718
9788,17736
9789,33816
9790,33818
9791,33820
9792,17930
9793,17715
9794,17918
9795,17926
9796,17922
9797,17920
10076,29266
10077,42685
10078,3756
10079,47466
10080,2161
10081,11987
10082,584
10083,609
10084,11985
10085,11989
10086,3766
10087,11978
10088,670
10088,33328
10089,33328
10109,11989
10110,12019
10111,589
10112,11993
10113,583
10114,608
10115,12023
10116,585
10117,11999
10118,23919
10119,23917
10120,23913
10121,22852
10122,42244
10123,28606
10124,28352
10125,47466
10126,47466
10127,37455
10128,17636
10129,32309
10130,587
10131,598
10132,11387
10133,32878
10134,629
10135,630
10136,12015
10137,4310
10138,644
10139,28665
10140,602
10141,603
10142,11192
10143,16238
10144,623
10145,632
10146,11957
10147,4306
10148,638
10149,22436
10150,594
10151,593
10152,11200
10153,32872
10154,627
10155,633
10156,11989
10157,4308
10158,24690
10159,28661
10160,597
10161,591
10162,11184
10163,16236
10164,624
10165,628
10166,11987
10167,16233
10168,24692
10169,22428
10189,16236
10190,624
10191,643
10192,16238
10193,623
10194,640
10195,16240
10196,626
10197,645
10198,16242
10199,622
10200,644
10201,657
10202,11129
10203,35683
10204,23911
10205,34562
10206,12015
10207,19722
10208,17812
10211,34496
10212,22440
10213,22436
10214,22428
10215,22430
10216,44996
10217,22440
10218,22436
10219,22428
10220,22430
10221,44996
10222,645
10223,641
10224,23911
10225,23913
10226,12023
10227,12005
10240,2161
10241,32874
10242,16233
10243,609
10244,32872
10245,24700
10246,584
10247,32876
10248,16227
10249,3766
10250,32878
10251,16231
10255,587
10256,586
10257,17812
10258,32878
10259,631
10260,16231
10261,639
10262,11196
10263,37480
10264,11999
10265,11963
10266,22468
10267,28665
10268,11132
10419,33468
10420,12005
10421,585
10422,11371
10423,16242
10424,622
10425,11999
10426,11978
10427,16231
10428,22444
10429,639
10430,22440
10431,33513
10432,33513
10433,588
10434,598
10435,17812
10436,629
10437,17713
10438,33157
10439,17732
10440,33513
10441,588
10442,598
10443,17812
10444,629
10445,17713
10446,33157
10447,17732
10448,33513
10449,598
10450,17812
10451,629
10452,17713
10453,33157
10454,17732
10455,588
10456,33513
10457,588
10458,598
10459,17812
10460,629
10461,17713
10462,33157
10463,17732
10464,588
10465,33513
10466,598
10467,17812
10468,629
10469,17713
10470,33157
10471,17732
10472,33513
10473,588
10474,598
10475,17812
10476,629
10477,17713
10478,33157
10479,17732
10480,33513
10481,588
10482,598
10483,17812
10484,629
10485,17713
10486,33157
10487,17732
10488,33513
10489,17715
10490,33470
10491,11134
10492,19744
10493,11176
10494,11379
10495,12032
10496,12011
10497,16227
10498,28710
10501,632
10502,11178
10503,628
10504,11184
10505,630
10506,11196
10507,633
10508,11200
10510,33468
10511,33470
10512,33472
10513,672
10514,648
10515,670
10515,33328
10516,33468
10517,33470
10518,33472
10519,670
10520,594
10521,37457
10522,37458
10523,37459
10524,37460
10525,590
10526,582
10527,592
10528,599
10529,32876
10530,29248
10531,32878
10532,597
10533,16236
10534,2006
10535,603
10536,16238
10537,621
10538,594
10539,16240
10540,627
10541,587
10542,16242
10543,629
10544,33468
10545,33470
10546,33468
10547,607
10548,605
10549,29248
10550,586
10551,32880
10552,17480
10553,17478
10554,17476
10555,621
10556,627
10557,629
10558,2006
10559,17718
10560,33818
10561,33470
10562,17720
10563,605
10564,633
10565,609
10566,630
10567,2161
10568,16238
10569,17812
10570,620
10571,16229
10572,32311
10573,32307
10574,17636
10575,11393
10576,12038
10577,22464
10578,638
10579,11377
10580,28661
10581,34562
10582,12015
10583,4302
10584,16238
10585,626
10586,24702
10587,593
10588,626
10589,645
10590,594
10591,591
10592,626
10593,2006
10594,621
10595,622
10596,641
10597,643
10598,17926
10599,17922
10600,17920
10601,597
10602,12038
10603,624
10604,12003
10605,2161
10606,17703
10607,32874
10608,29337
10609,17726
10610,597
10611,12038
10612,624
10613,12003
10618,33816
10619,33818
10620,33820
10621,49710
10622,47270
10623,49711
10624,17720
10625,20185
10626,28352
10627,17736
10628,2161
10629,22448
10630,584
10631,22470
10632,609
10633,22442
10634,3766
10635,22444
10673,12038
10674,597
10675,625
10676,17922
10677,12032
10678,602
10679,620
10680,17715
10681,11377
10682,593
10683,634
10684,17722
10685,12034
10686,587
10687,631
10688,17718
10689,17720
10690,33470
10691,33818
10692,47270
10693,54732
10694,32880
10695,37135
10696,33697
10697,17480
10698,17478
10699,17476
10700,22546
10701,22548
10702,22544
10703,28606
10704,28352
10705,2863
10706,2998
10707,42244
10708,34328
10709,34317
10710,24696
10711,12731
10712,19726
10713,35683
10714,32872
10715,28665
10716,19722
10717,47271
10718,28665
10719,32880
10720,17718
10721,33470
10722,11192
10723,20187
10724,16227
10725,35683
10726,16240
10727,602
10728,12735
10729,12038
10730,29248
10731,2006
10732,17709
10733,16233
10734,605
10735,623
10736,17715
10737,24698
10738,33153
10739,607
10740,626
10741,17843
10742,16229
10743,33151
10744,586
10745,622
10746,17713
10747,16231
10751,29248
10752,624
10753,11188
10754,605
10755,623
10756,11192
10757,607
10758,626
10759,11172
10760,586
10761,629
10762,11182
10768,24692
10769,11567
10770,23919
10771,638
10772,3764
10773,23917
10774,644
10775,23773
10776,22852
10777,645
10778,671
10779,23913
10780,37453
10781,17726
10782,37455
10783,17636
10784,37456
10785,17728
10786,37454
10787,32311
10789,33816
10790,33818
10791,33820
10792,17932
10793,17928
10794,17720
10795,17738
10796,17722
10797,17740
10798,17932
10799,17928
10800,17720
10801,17738
10802,17722
10803,17740
10818,20183
10819,20185
10820,20187
10821,20189
10822,29248
10823,605
10824,607
10825,586
10826,583
10827,585
10828,589
10829,608
10830,37481
10831,2006
10832,37482
10833,623
10834,37483
10835,626
10836,37480
10837,631
10839,34317
10840,590
10841,34828
10842,582
10843,35683
10844,592
10845,34562
10846,599
10847,16236
10848,12003
10849,16238
10850,12011
10851,24688
10852,638
10853,16240
10854,12005
10855,16242
10856,12015
10857,17732
10858,32311
10860,2006
10862,627
10863,621
10864,622
10865,597
10866,2161
10867,603
10868,605
10869,593
10870,608
10871,587
10872,599
10873,44996
10874,44993
10875,44995
10876,29248
10877,590
10878,591
10879,597
10880,24696
10881,4302
10882,16233
10883,24692
10884,642
10885,1944
10886,11567
10887,19720
10888,23919
10889,23757
10890,643
10891,2161
10892,589
10893,37604
10894,20183
10895,19744
10896,16236
10897,32874
10898,34317
10899,628
10900,2006
10901,624
10902,625
10903,29986
10904,11134
10905,596
10906,11190
10907,22428
10908,12038
10909,12733
10910,12017
10911,12003
10912,11365
10913,22474
10914,11188
10915,12753
10916,11186
10917,22452
10918,12019
10919,20125
10920,11393
10921,22448
10922,28659
10923,11184
10924,28850
10925,37457
10926,37481
10927,11987
10928,11965
10929,29337
10930,33155
10931,32305
10932,17726
10933,17703
10934,37453
10935,17709
10936,621
10937,29984
10938,632
10939,648
10940,649
10941,19726
10942,23915
10943,23917
10944,3764
10945,640
10946,24688
10947,638
10948,4306
10949,16227
10950,24698
10951,20185
10952,605
10953,602
10954,603
10955,34828
10956,582
10957,601
10958,672
10959,584
10960,583
10961,37605
10962,623
10963,620
10964,32876
10965,16238
10966,11993
10967,28710
10968,12731
10969,11379
10970,12032
10971,11194
10972,11178
10973,11985
10974,37458
10975,22436
10976,22470
10977,22464
10978,12729
10979,11176
10980,11959
10981,11995
10982,37482
10983,12011
10984,22446
10985,28844
10986,11381
10987,11192
10988,11957
10989,17634
10990,17636
10991,32309
10992,33153
10993,29340
10994,17619
10995,37455
10996,671
10997,627
10998,634
10999,16240
11000,32872
11001,633
11002,641
11003,645
11004,24690
11005,16229
11006,24700
11007,4308
11008,35683
11009,592
11010,593
11011,654
11012,657
11013,655
11014,23913
11015,23911
11016,19724
11017,606
11018,11129
11019,607
11020,608
11021,609
11022,594
11023,656
11024,650
11025,20187
11026,37607
11027,626
11028,29988
11029,22466
11030,11200
11031,11174
11032,11377
11033,12743
11034,28661
11035,12023
11036,11969
11037,37483
11038,22430
11039,22442
11040,12042
11041,11172
11042,28848
11043,12005
11044,22460
11045,37459
11046,12044
11047,11202
11048,12745
11049,12021
11050,11989
11051,11971
11052,37456
11053,17841
11054,33151
11055,17728
11056,32307
11057,29344
11058,17843
11059,630
11060,23773
11061,598
11062,599
11063,11132
11064,588
11065,587
11066,586
11067,3766
11068,585
11069,34562
11070,16242
11071,622
11072,631
11073,629
11074,29990
11075,37606
11076,24694
11077,639
11078,20189
11079,652
11080,653
11081,4310
11082,16231
11083,24702
11084,651
11085,644
11086,19722
11087,22852
11088,24483
11089,32878
11090,11400
11091,11182
11092,37460
11093,11999
11094,28846
11095,12747
11096,22440
11097,11371
11098,12034
11099,11196
11100,12015
11101,11961
11102,22444
11103,28665
11104,12013
11105,11387
11106,11198
11107,37480
11108,22456
11109,11978
11110,11963
11111,12735
11112,22468
11113,29336
11114,17713
11115,17812
11116,37454
11117,33157
11118,17732
11119,32311
11120,17930
11121,17715
11122,17918
11123,17709
11124,17843
11125,17713
11126,29336
11127,17715
11128,17715
11129,17930
11130,17918
11131,4302
11132,24692
11133,19720
11134,4306
11135,24688
11136,19726
11137,4308
11138,24690
11139,23913
11140,4310
11141,24694
11142,22852
11143,28606
11144,28352
11145,42244
11155,29266
11156,3756
11157,47466
11158,42685
11159,54731
11160,54732
11161,54733
11162,670
11162,33328
11163,11190
11164,12753
11165,12017
11166,22428
11167,11174
11168,12745
11169,12021
11170,22430
11171,11192
11172,12729
11173,11957
11174,22436
11175,11182
11176,12735
11177,11963
11178,22440
11181,37482
11182,29340
11183,28710
11184,64034
11185,64034
11253,34496
11264,650
11265,654
11266,655
11267,656
11268,657
11269,11186
11270,11176
11271,11202
11272,593
11273,17841
11274,634
11275,641
11276,11198
11278,11186
11279,11188
11280,11176
11281,11192
11282,44993
11283,11196
11284,11182
11285,11202
11286,11172
11287,626
11288,12005
11289,16229
11290,645
11291,23911
11292,23913
11293,671
11306,587
11307,22456
11308,629
11309,11999
11310,24702
11311,33157
11312,4310
11313,644
11314,32311
11315,639
11316,17732
11317,24694
11318,16242
11319,22456
11320,585
11321,33157
11322,24702
11323,22444
11324,629
11325,12015
11326,651
11327,652
11328,653
11329,29336
11330,17732
11331,37454
11332,16242
11333,16231
11334,32311
11335,37454
11336,32878
11337,32311
11338,24702
11339,37454
11340,16242
11341,16231
11342,32311
11343,37454
11344,16242
11345,24702
11346,32311
11347,37454
11348,32878
11349,16231
11350,32311
11351,37454
11352,32878
11353,24702
11354,32311
11355,37454
11356,16242
11357,24702
11358,32311
11359,12038
11360,24696
11361,17703
11362,625
11363,12032
11364,24698
11365,17619
11366,620
11367,11377
11368,24700
11369,17841
11370,634
11371,12034
11372,24702
11373,17812
11374,631
11375,19744
11376,11134
11377,19744
11378,1944
11379,648
11380,649
11382,603
11383,37482
11384,632
11385,24688
11386,603
11387,37482
11388,621
11389,24688
11390,603
11391,37482
11392,621
11393,24688
11394,603
11395,22464
11396,24688
11397,603
11398,22464
11399,621
11400,24688
11401,603
11402,22464
11403,24688
11404,603
11405,22464
11406,632
11407,24688
11408,603
11409,621
11410,24688
11411,632
11412,37482
11413,632
11422,672
11423,602
11424,605
11425,17619
11426,11178
11427,16238
11428,37482
11429,621
11430,11959
11431,12011
11432,24698
11433,22446
11434,640
11435,28710
11436,32876
11437,37482
11438,34828
11439,621
11440,11993
11441,29340
11442,22470
11443,12731
11444,649
11445,24698
11446,638
11447,12729
11448,19726
11449,3764
11450,638
11451,22464
11452,16238
11453,11178
11454,11381
11455,19726
11457,24698
11458,16229
11459,24702
11460,16233
11461,32876
11462,32872
11463,32878
11464,32874
11465,642
11466,17726
11467,32874
11468,28659
11469,16233
11470,597
11471,11393
11472,591
11473,72907
11474,11393
11475,16236
11476,37481
11477,625
11478,20125
11479,72872
11480,28659
11482,72907
11488,72872
11490,72907
11491,72904
11492,72913
11493,72903
11494,72811
11495,72812
11496,72869
11497,72872
11498,17619
11499,72812
11500,17703
11501,72872
11502,17841
11503,72869
11504,17812
11505,72811
11510,73795
11511,73794
11512,73796
11513,73789
11514,47466
11515,42685
11516,3756
11517,670
11517,33328
11519,16236
11520,16236
11521,16236
11522,16238
11523,16238
11524,16238
11525,16240
11526,16240
11527,16240
11528,16242
11529,16242
11530,16242
11531,17926
11532,17930
11533,17924
11534,17932
11535,17928
11536,33468
11537,54731
11538,47269
11539,33816
11540,12019
11541,11993
11542,12015
11543,643
11544,640
11545,645
11546,644
11547,12005
11561,17924
11562,17718
11563,17736
11564,33820
11565,33818
11566,33816
11567,17922
11568,17920
11569,17926
11613,591
11614,643
11615,602
11616,640
11617,594
11618,645
11619,598
11620,639
11624,17740
11625,17920
11626,17918
11627,17738
11628,33820
11629,44996
11630,17736
11632,11371
11632,11978
11632,17713
11632,17732
11632,32311
11632,33157
11632,37454
11633,72907
11634,16236
11635,4302
11636,24692
11637,597
11638,625
11639,33155
11640,72904
11641,16238
11642,4306
11643,24688
11644,602
11645,620
11646,33153
11647,72913
11648,16240
11649,4308
11650,24690
11651,593
11652,634
11653,33151
11654,72903
11655,16242
11656,4310
11657,24694
11658,587
11659,631
11660,33157
11661,2006
11662,17709
11663,642
11664,17726
11665,621
11666,17634
11667,638
11668,17636
11669,626
11670,17843
11671,641
11672,17728
11673,622
11674,17713
11675,639
11676,17732
11678,28665
11679,12013
11680,11387
11681,73794
11682,73787
11683,28661
11684,11174
11685,12021
11686,73796
11687,73792
11688,73795
11689,73793
11690,73789
11691,73790
11701,621
11702,34828
11703,17918
11704,22452
11705,28665
11706,11198
11707,24700
11708,634
11709,22544
11710,32880
11711,3756
11712,33470
11713,12015
11717,12005
11718,22430
11719,22442
11720,12042
11721,12011
11722,28710
11723,11379
11724,22446
11729,670
11729,33328
11731,29266
11732,42685
11733,3756
11734,47466
11735,17932
11736,17720
11737,17930
11738,17715
11739,672
11740,11134
11741,11129
11742,11132
11758,77114
11760,37605
11761,32309
11762,33153
11763,17726
11764,11567
11765,32311
11766,19722
11767,17728
11768,670
11768,33328
11769,24698
11770,12011
11771,638
11772,12005
11773,17715
11774,641
11775,12011
11793,16240
11794,11377
11795,609
11798,17728
11799,37456
11800,33151
11802,73796
11803,77281
11824,72811
11825,16231
11826,22444
11827,34562
11828,11371
11829,11400
11830,17713
11831,77288
11841,11989
11841,12044
11841,17728
11841,17841
11841,29344
11841,32307
11841,33151
11841,72869
11841,72913
11842,32307
11843,29344
11844,72869
11845,33151
11846,72913
11847,17841
11848,11989
11849,12044
11875,77283
11876,28659
11877,4302
11878,17709
11879,22452
11880,73789
11881,16236
11882,11393
11907,641
11908,11999
11909,4310
11913,607
11914,11172
11915,4308
11916,645
11917,22430
11918,77281
11919,19724
11920,29248
11921,11188
11922,24696
11923,22448
11924,642
11925,28659
11926,77283
11927,19720
11928,605
11929,11192
11930,16227
11931,22446
11932,24688
11933,77284
11934,19726
11935,586
11936,11182
11937,4310
11938,24694
11939,77288
11940,19722
11941,47270
11942,54733
11943,33470
11944,33816
11953,73793
11954,32309
11955,17634
11956,77284
11957,11379
11958,29984
11959,33153
11960,602
11962,24698
11963,641
11964,587
11965,19722
11966,11567
11967,72904
11968,11999
11969,11957
11970,11971
11971,29988
11972,11965
11973,29986
11974,11961
11975,77114
11976,42685
11977,3756
11978,72907
11979,73789
11980,12017
11981,72872
11982,28850
11983,73790
11984,77283
11985,42242
11986,42243
11987,42241
12011,591
12012,32874
12013,628
12014,23757
12015,11381
12016,32876
12017,37482
12018,632
12019,11959
12020,11957
12021,23915
12022,594
12023,12042
12024,32872
12025,37483
12026,633
12027,11971
12028,11969
12029,23911
12030,603
12031,12044
12032,32878
12033,37480
12034,630
12035,11961
12036,11963
12037,24483
12038,3766
12039,49710
12040,33472
12041,54732
12042,33820
12043,37481
12054,17918
12055,78366
12056,17715
12057,78367
12058,17930
12059,17738
12060,78369
12061,17720
12062,78333
12063,17932
12065,78576
12066,29266
12067,47466
12070,78367
12071,78366
12072,45647
12073,78369
12074,78333
12078,73795
12079,670
12079,33328
12080,73794
12081,73796
12090,17932
12091,78333
12092,78369
12093,17738
12094,17918
12095,17930
12096,78367
12097,78366
12136,628
12138,2006
12139,17703
12140,587
12141,622
12142,54732
12145,32874
12146,589
12147,33468
12148,35683
12149,11400
12151,32307
12152,11961
12153,11198
12154,29990
12155,33816
12156,33818
12157,33820
12158,608
12159,32872
12160,29344
12161,72869
12162,599
12163,32878
12164,29336
12165,72811
12166,29337
12167,72872
12168,583
12169,32876
12170,29340
12171,72812
12172,73787
12173,73792
12174,73793
12175,73790
12176,11186
12177,11965
12178,12017
12179,22448
12180,32305
12181,11196
12182,11963
12183,12013
12184,22468
12185,17732
12186,670
12186,33328
12187,11182
12188,622
12189,652
12191,44996
12192,45534
12194,11172
12195,626
12196,650
12197,11188
12198,624
12199,19744
12200,11192
12201,78367
12202,623
12203,648
12204,78366
12205,78333
12206,78369
12207,54733
12208,54731
12209,54732
12210,52907
12211,49712
12212,47271
12213,29266
12214,77114
12215,42685
12216,47466
12217,3756
12218,73796
12219,73795
12220,54731
12221,54733
12222,73789
12223,11184
12224,72872
12225,29986
12226,73794
12227,11198
12228,29990
12229,28665
12237,32880
12238,33697
12239,37135
12240,17480
12241,17478
12242,17476
12243,28606
12244,34328
12245,2863
12246,2998
12247,28352
12248,42244
12249,22546
12250,22548
12251,22544
12252,12003
12253,28659
12254,12019
12255,11993
12256,28710
12257,4306
12258,12005
12259,28661
12260,22442
12261,11999
12262,28665
12263,12015
12264,4310
12265,72907
12266,72872
12267,72913
12268,17841
12269,17843
12270,72869
12271,72904
12272,17930
12273,29340
12274,620
12275,72812
12276,586
12277,599
12278,37460
12279,17812
12280,11978
12281,72811
12282,22544
12283,17924
12284,17736
12285,29266
12286,77114
12287,42685
12288,3756
12289,47466
12290,4302
12291,29986
12292,16236
12293,4306
12294,29984
12295,16238
12296,24700
12297,29988
12298,16240
12299,16231
12300,29990
12301,16242
12302,33468
12303,28606
12304,33818
12305,81008
12306,81046
12307,81047
12308,81040
12309,17932
12310,17928
12311,17926
12312,17924
12313,17930
12318,20183
12319,28850
12320,1944
12321,12753
12322,20185
12323,28844
12324,649
12325,12731
12326,20187
12327,28848
12328,655
12329,12745
12330,20189
12331,28846
12332,652
12333,12747
12334,81008
12335,81047
12336,81046
12337,17920
12338,17926
12339,17922
12340,19720
12341,37457
12342,29986
12343,12038
12344,29337
12354,85087
12355,85086
12356,44995
12357,45534
12358,33153
12359,32309
12360,11381
12361,22470
12362,22436
12363,44993
12364,44995
12365,45534
12366,44996
12367,85062
12368,85229
12369,85236
12378,23911
12379,23757
12380,23915
12381,24483
12382,17720
12383,17928
12384,17722
12385,17740
12386,42125
12387,42124
12388,3514
12389,85087
12390,85086
12391,44993
12391,44995
12391,44996
12391,45534
12395,23919
12396,12753
12397,28850
12398,23917
12399,12729
12400,28844
12401,23913
12402,12743
12403,28848
12404,22852
12405,12747
12406,28846
12407,44995
12408,44993
12409,44996
12410,624
12411,29337
12412,37481
12413,597
12414,22442
12415,29344
12416,37483
12417,33818
12425,81008
12426,33468
12427,24688
12428,22444
12429,37483
12432,17928
12433,17722
12434,17740
12435,85087
12436,11387
12437,72811
12438,33153
12439,37459
12440,33151
12441,32307
12442,28659
12443,22452
12444,12038
12445,16236
12446,11989
12447,16240
12448,22440
12449,22456
12450,12034
12451,11999
12452,16242
12453,11985
12454,11957
12455,11959
12456,22428
12457,20183
12458,12038
12459,11190
12460,37457
12461,37481
12462,34317
12464,29986
12475,33155
12476,11987
12477,29248
12478,33153
12479,605
12480,12011
12481,33151
12482,11989
12483,607
12484,33157
12485,11999
12486,586
12487,54733
12488,54732
12489,54731
12490,17738
12491,47466
12492,33468
12493,49710
12495,81008
12496,17932
12497,78333
12498,17720
12499,78369
12500,17738
12501,54731
12502,54732
12503,54733
12504,81008
12505,81047
12506,81046
12507,81040
12512,47269
12513,49710
12514,47270
12515,49712
12516,49711
12517,47271
12518,52907
12519,17841
12520,593
12521,24690
12522,73792
12523,22460
12524,12021
12525,22442
12530,34562
12531,11182
12532,17713
12533,72811
12534,24694
12535,73787
12536,24483
12537,594
12538,626
12539,12042
12540,12044
12541,12005
12542,24702
12543,622
12544,22444
12545,11999
12546,630
12547,11961
12548,11963
12549,17715
12550,72907
12551,597
12552,12017
12553,33155
12554,643
12555,73789
12556,73790
12562,12003
12563,2006
12564,42241
12565,17922
12566,12003
12567,22428
12568,11393
12569,11993
12570,28710
12571,11379
12572,12005
12573,28661
12574,12042
12575,12015
12576,28665
12577,11400
12578,88001
12579,605
12580,11192
12581,37482
12582,17634
12583,72812
12584,24688
12585,73793
12600,34317
12601,12019
12602,22474
12603,23919
12604,11567
12605,590
12606,591
12607,11186
12608,589
12609,52250
12610,52254
12611,52252
12612,49713
12613,88001
12614,628
12615,20125
12616,37457
12617,37459
12618,33820
12619,54731
12620,81008
12621,584
12622,72812
12623,22470
12624,11194
12625,32880
12626,89240
12627,89647
12628,89649
12629,17480
12631,22546
12632,22548
12633,28606
12635,17478
12636,89607
12637,89607
12638,89607
12639,89607
12640,89607
12641,89607
12642,89607
12643,89607
12644,89607
12645,89607
12646,89607
12647,89607
12648,89240
12649,11188
12650,17920
12651,34317
12652,28659
12653,88001
12654,11192
12655,28710
12656,34828
12657,17918
12658,34562
12659,11182
12660,37135
12661,22544
12662,89649
12663,91174
12664,89240
12665,89647
12666,89648
12667,32880
12668,35683
12669,11172
12670,28661
12671,28665
12672,17738
12673,17736
12674,89607
12675,37135
12676,33697
12677,17476
12678,22544
12679,2863
12680,42244
12681,2998
12682,34328
12683,28352
12684,89607
12686,602
12686,11194
12686,11985
12686,11993
12686,22470
12686,24688
12686,32309
12686,37482
12686,72812
12687,17715
12688,47466
12689,11186
12690,89240
12691,626
12692,29266
12693,77114
12694,42685
12695,3756
12696,47466
12697,17726
12698,73790
12699,28659
12700,22464
12701,28710
12702,73793
12703,73796
12704,29344
12705,12005
12706,22456
12707,73794
12708,19722
12709,89240
12710,89649
12711,17738
12712,17715
12713,17918
12714,89607
12715,54732
12716,54733
12717,81008
12718,49710
12719,52907
12720,650
12721,654
12722,28661
